INSERT INTO `address` (`id`, `location`, `country`, `province`, `city`, `postal_code`, `latitude`, `longitude`, `created_at`, `updated_at`) VALUES
(1, 'Gulberg', 'Pakistan', 'Punjab', 'Lahore', '54000', NULL, NULL, '2025-02-28 08:50:27', '2025-02-28 09:42:44'),
(2, 'Clifton Beach', 'Pakistan', 'Sindh', 'Karachi', '72000', NULL, NULL, '2025-02-28 08:50:27', '2025-02-28 09:43:48'),
(3, 'Quetta Cantt', 'Pakistan', 'Balochistan', 'Quetta', '87800', NULL, NULL, '2025-02-28 08:50:27', '2025-02-28 08:50:27'),
(4, 'Daman-e-Koh', 'Pakistan', 'Capital', 'Islamabad', '44050', NULL, NULL, '2025-02-28 08:50:27', '2025-03-20 12:18:15'),
(5, 'Gulberg', 'Pakistan', 'Punjab', 'Lahore', '54000', NULL, NULL, '2025-02-28 09:16:35', '2025-02-28 09:42:44'),
(6, 'Clifton Beach', 'Pakistan', 'Sindh', 'Karachi', '72000', NULL, NULL, '2025-02-28 09:16:35', '2025-02-28 09:43:48'),
(7, 'Quetta Cantt', 'Pakistan', 'Balochistan', 'Quetta', '87800', NULL, NULL, '2025-02-28 09:16:35', '2025-03-20 06:46:07'),
(8, 'Daman-e-Koh', 'Pakistan', 'Capital', 'Islamabad', '44050', NULL, NULL, '2025-02-28 09:16:35', '2025-03-20 06:46:20'),
(9, 'Gulberg', 'Pakistan', 'Punjab', 'Lahore', '54000', NULL, NULL, '2025-02-28 09:16:35', '2025-02-28 09:42:44'),
(10, 'Clifton Beach', 'Pakistan', 'Sindh', 'Karachi', '72000', NULL, NULL, '2025-02-28 09:16:35', '2025-02-28 09:43:48'),
(11, 'Quetta Cantt', 'Pakistan', 'Balochistan', 'Quetta', '87800', NULL, NULL, '2025-02-28 09:16:35', '2025-02-28 09:16:35'),
(12, 'Daman-e-Koh', 'Pakistan', 'Capital', 'Islamabad', '44050', NULL, NULL, '2025-02-28 09:16:35', '2025-03-20 06:45:47'),
(13, 'Gulberg', 'Pakistan', 'Punjab', 'Lahore', '54000', NULL, NULL, '2025-02-28 09:16:35', '2025-02-28 09:42:44'),
(14, 'Clifton Beach', 'Pakistan', 'Sindh', 'Karachi', '72000', NULL, NULL, '2025-02-28 09:16:35', '2025-02-28 09:43:48'),
(15, 'Quetta Cantt', 'Pakistan', 'Balochistan', 'Quetta', '87800', NULL, NULL, '2025-02-28 09:16:35', '2025-02-28 09:16:35'),
(16, 'Daman-e-Koh', 'Pakistan', 'Capital', 'Islamabad', '44050', NULL, NULL, '2025-02-28 09:16:35', '2025-03-20 12:18:15'),
(17, 'Gulberg', 'Pakistan', 'Punjab', 'Lahore', '54000', NULL, NULL, '2025-02-28 09:42:17', '2025-02-28 09:42:44'),
(18, 'Ali Town', 'Pakistan', 'Punjab', 'Lahore', '54000', NULL, NULL, '2025-03-20 04:28:27', '2025-03-20 04:28:27'),
(19, 'Ali Town', 'Pakistan', 'Punjab', 'Lahore', '54000', NULL, NULL, '2025-03-20 04:36:49', '2025-03-20 04:36:49'),
(20, 'Ali Town', 'Pakistan', 'Punjab', 'Lahore', '54000', NULL, NULL, '2025-03-20 11:57:07', '2025-03-20 11:57:07'),
(21, 'Ali Town', 'Pakistan', 'Punjab', 'Lahore', '54000', NULL, NULL, '2025-03-20 11:57:07', '2025-03-20 11:57:07'),
(22, 'Ali Town', 'Pakistan', 'Punjab', 'Lahore', '54000', NULL, NULL, '2025-03-20 11:57:07', '2025-03-20 11:57:07');


INSERT INTO `roles` (`id`, `name`, `description`, `created_at`, `updated_at`) VALUES
(1, 'Admin', 'Administrator with full access', '2025-02-28 13:53:22', '2025-02-28 13:53:22'),
(2, 'Owner', 'NO Description','2025-02-28 13:53:22', '2025-02-28 13:53:22'),
(3, 'Manager', 'Helpers of the owner.', '2025-02-28 13:54:32', '2025-03-20 07:49:01'),
(4, 'Staff', 'Building Operational Staff Members','2025-02-28 13:54:32', '2025-03-20 07:49:22'),
(5, 'User', 'Tenants and buyers.','2025-03-20 04:17:02', '2025-03-20 07:49:49');


INSERT INTO `users` (`id`, `name`, `email`, `password`, `phone_no`, `cnic`, `date_of_birth`, `gender`, `picture`, `role_id`, `is_super_admin`, `is_verified`, `address_id`, `status`, `reset_token`, `customer_payment_id`, `created_by`, `updated_by`, `created_at`, `updated_at`) VALUES
(1, 'Syed Ibrahim', 'admin@risewithhms.com', '$2y$12$yk.kQEOK1BYrrYEW1yG1Z.FmvVDAKFXMD.TWmsOsMy9Pmwh4HDcnS', '0300-0000001', '35202-0000000-1', '2002-07-29', 'Male', 'uploads/users/images/1738263413_User_1.jpg', 1, 1, 1, 8, 1, NULL, 'cus_SB7h3z0su0i0vS', 1, 1, '2025-02-28 04:17:27', '2025-04-22 18:30:16'),
(2, 'Tahir Maqsood', 'syedmu729@gmail.com', '$2y$12$yk.kQEOK1BYrrYEW1yG1Z.FmvVDAKFXMD.TWmsOsMy9Pmwh4HDcnS', '0300-0000002', '35202-0000000-2', '2002-07-29', 'Male', 'uploads/users/images/1738263414_User_2.jpg', 2, 0, 1, 9, 1, NULL, 'cus_SB7inAoxSnwbHf', 1, 1, '2025-02-28 04:17:27', '2025-04-22 18:30:16'),
(3, 'Abdullah Butt', 'owner2@gmail.com', '$2y$12$yk.kQEOK1BYrrYEW1yG1Z.FmvVDAKFXMD.TWmsOsMy9Pmwh4HDcnS', '0300-0000003', '35202-0000000-3', '2002-07-29', 'Male', 'uploads/users/images/1738263430_User_3.jpg', 2, 0, 1, 10, 1, NULL, 'cus_SB7iqXRvLnRyDn', 1, 1, '2025-02-28 04:17:27', '2025-04-22 18:30:16'),
(4, 'Arham Nasir', 'owner3@gmail.com', '$2y$12$yk.kQEOK1BYrrYEW1yG1Z.FmvVDAKFXMD.TWmsOsMy9Pmwh4HDcnS', '0300-0000004', '35202-0000000-4', '2002-07-29', 'Male', 'uploads/users/images/1738263443_User_4.jpg', 2, 0, 1, 11, 1, NULL, 'cus_SB7jglEJjpDMC8', 1, 1, '2025-02-28 04:17:27', '2025-04-22 18:30:16'),
(5, 'Hira Gul', 'manager1@gmail.com', '$2y$12$yk.kQEOK1BYrrYEW1yG1Z.FmvVDAKFXMD.TWmsOsMy9Pmwh4HDcnS', '0300-0000005', '35202-0000000-5', '2002-07-29', 'Female', 'uploads/users/images/1738263454_User_5.jpeg', 3, 0, 1, 12, 1, NULL, 'cus_SB7kVx4ST5OxfV', 1, 1, '2025-02-28 04:17:27', '2025-04-22 18:30:16'),
(6, 'Usman Iqbal', 'manager2@gmail.com', '$2y$12$yk.kQEOK1BYrrYEW1yG1Z.FmvVDAKFXMD.TWmsOsMy9Pmwh4HDcnS', '0300-0000006', '35202-0000000-6', '2002-07-29', 'Male', 'uploads/users/images/1739383093_User_6.jpg', 3, 0, 1, 13, 1, NULL, 'cus_SB7kRm18z72XqE', 1, 1, '2025-02-28 04:17:27', '2025-04-22 18:30:16'),
(7, 'Burhan Khan', 'burhan@gmail.com', '$2y$12$yk.kQEOK1BYrrYEW1yG1Z.FmvVDAKFXMD.TWmsOsMy9Pmwh4HDcnS', '0300-0000007', '35202-0000000-7', '2002-07-29', 'Male', 'uploads/users/images/1740824784_User_7.jpg', 4, 0, 1, 14, 1, NULL, 'cus_SB7lg5TT0ellzs', 1, 7, '2025-02-28 04:17:27', '2025-04-22 18:30:16'),
(8, 'Shiza Butt', 'shiza@gmail.com', '$2y$12$yk.kQEOK1BYrrYEW1yG1Z.FmvVDAKFXMD.TWmsOsMy9Pmwh4HDcnS', '0300-0000008', '35202-0000000-8', '2002-07-29', 'Female', 'uploads/users/images/1740824785_User_8.jpg', 4, 0, 1, 15, 1, NULL, 'cus_SB7mTQSRCBagM5', 1, 1, '2025-02-28 04:17:27', '2025-04-22 18:30:16'),
(9, 'Zeeshan Khan', 'zeeshan@gmail.com', '$2y$12$yk.kQEOK1BYrrYEW1yG1Z.FmvVDAKFXMD.TWmsOsMy9Pmwh4HDcnS', '0300-0000009', '35202-0000000-9', '2002-07-29', 'Male', 'uploads/users/images/1740824786_User_9.jpg', 4, 0, 1, 16, 1, NULL, 'cus_SB7mg3PWjozv5d', 1, 1, '2025-02-28 04:17:27', '2025-04-22 18:30:16'),
(10, 'Shanza Malik', 'shanza@gmail.com', '$2y$12$yk.kQEOK1BYrrYEW1yG1Z.FmvVDAKFXMD.TWmsOsMy9Pmwh4HDcnS', '0300-0000010', '35202-0000001-0', '2002-07-29', 'Female', 'uploads/users/images/1740824787_User_10.jpg', 4, 0, 1, 17, 1, NULL, 'cus_SB7n5kzItNKqZk', 1, 1, '2025-02-28 04:17:27', '2025-04-22 18:30:16'),
(11, 'Syed Abdullah', 'smibrahim297@gmail.com', '$2y$12$yk.kQEOK1BYrrYEW1yG1Z.FmvVDAKFXMD.TWmsOsMy9Pmwh4HDcnS', '0300-0000011', '35202-0000001-1', '2002-07-29', 'Male', 'uploads/users/images/1740824788_User_11.jpg', 4, 0, 1, 18, 1, NULL, 'cus_SB7nM02TVZBTGd', 1, 1, '2025-02-28 04:17:27', '2025-04-22 18:30:16'),
(12, 'Rehan Manzoor', 'rh7081789@gmail.com', '$2y$12$yk.kQEOK1BYrrYEW1yG1Z.FmvVDAKFXMD.TWmsOsMy9Pmwh4HDcnS', '0300-0000012', '35202-0000001-2', '2002-07-29', 'Male', 'uploads/users/images/1740824789_User_12.jpg', 4, 0, 1, 19, 1, NULL, 'cus_SB7oMiIqMOdOcU', 1, 1, '2025-02-28 04:17:27', '2025-04-22 18:30:16'),
(13, 'Abrar Ibrahim', 'abrar@gmail.com', '$2y$12$yk.kQEOK1BYrrYEW1yG1Z.FmvVDAKFXMD.TWmsOsMy9Pmwh4HDcnS', '0300-0000013', '35202-0000001-3', '2002-07-29', 'Female', 'uploads/users/images/1740824789_User_13.jpg', 5, 0, 1, 20, 1, NULL, 'cus_SB7e0HJrHluQcQ', 1, 1, '2025-03-20 07:00:17', '2025-04-22 18:30:16'),
(14, 'Mahnoor Sheikh', 'mahnoor@gmail.com', '$2y$12$yk.kQEOK1BYrrYEW1yG1Z.FmvVDAKFXMD.TWmsOsMy9Pmwh4HDcnS', '0300-0000014', '35202-0000001-4', '2002-07-29', 'Female', 'uploads/users/images/1740824789_User_14.jpg', 5, 0, 1, 21, 1, NULL, 'cus_SB7pmLoeZxqatk', 1, 1, '2025-03-20 07:00:17', '2025-04-22 18:30:16'),
(15, 'Minahil Pathan', 'minahil@gmail.com', '$2y$12$yk.kQEOK1BYrrYEW1yG1Z.FmvVDAKFXMD.TWmsOsMy9Pmwh4HDcnS', '0300-0000015', '35202-0000001-5', '2002-07-29', 'Female', 'uploads/users/images/1740824789_User_15.jpg', 5, 0, 1, 22, 1, NULL, 'cus_SB7pm6RSylJgce', 1, 1, '2025-03-20 07:00:17', '2025-04-22 18:30:16');


INSERT INTO `organizations` (`id`, `name`, `email`, `phone`, `logo`, `address_id`, `status`, `payment_gateway_name`, `payment_gateway_merchant_id`, `is_online_payment_enabled`, `owner_id`, `created_by`, `updated_by`, `created_at`, `updated_at`) VALUES
(1, 'Bahria Town', 'contact@bahriatown.com', '03000000001', 'uploads/organizations/logo/1734415026_Organization_1.jpeg', 1, 'Enable', 'Stripe', 'acct_1RH3TL2cXC9hj3jA', 1, 2, 1, 1, '2025-02-28 09:50:35', '2025-04-25 08:15:09'),
(2, 'Etihad Town', 'contact@etihadtown.com', '03000000002', 'uploads/organizations/logo/1734415045_Organization_2.png', 2, 'Enable', 'Stripe', NULL, 0, 3, 1, 1, '2025-02-28 09:50:35', '2025-04-25 08:15:09'),
(3, 'AL Noor', 'contact@alnoor.com', '03000000003', 'uploads/organizations/logo/1742462907_Organization_3.png', 3, 'Enable', 'Stripe', NULL, 0, 4, 1, 1, '2025-03-19 23:28:27', '2025-04-25 08:15:09');


INSERT INTO `organizationpictures` (`id`, `organization_id`, `file_path`, `file_name`, `created_at`, `updated_at`) VALUES
(1, 1, 'uploads/organizations/images/Organization_1_1.jpg', 'Organization_1_1.jpg', '2025-02-28 09:53:27', '2025-04-25 08:13:34'),
(2, 1, 'uploads/organizations/images/Organization_1_2.jpg', 'Organization_1_2.jpg', '2025-02-28 09:53:27', '2025-04-25 08:13:34'),
(3, 1, 'uploads/organizations/images/Organization_1_3.jpeg', 'Organization_1_3.jpeg', '2025-05-03 07:32:15', '2025-05-03 07:32:15'),
(4, 2, 'uploads/organizations/images/Organization_2_1.jpg', 'Organization_2_1.jpg', '2025-03-19 23:28:27', '2025-04-25 08:13:34'),
(5, 2, 'uploads/organizations/images/Organization_2_2.jpg', 'Organization_2_2.jpg', '2025-04-25 08:13:34', '2025-04-25 08:13:34'),
(6, 3, 'uploads/organizations/images/Organization_3_1.jpg', 'Organization_3_1.jpg', '2025-04-25 08:13:34', '2025-04-25 08:13:34');



INSERT INTO `buildings` (`id`, `organization_id`, `name`, `building_type`, `status`, `remarks`, `area`, `construction_year`, `address_id`, `created_by`, `updated_by`, `created_at`, `updated_at`) VALUES
(1, 1, 'Bahria Prime', 'Residential', 'Approved', 'Approved building for office use.', 100000.00, '2001', 4, 1, 1, '2025-02-28 15:01:47', '2025-03-20 13:44:47'),
(2, 1, 'HMY Heights', 'Commercial', 'Approved', 'Under review for new office setup.', 100000.00, '2002', 5, 1, 1, '2025-02-28 15:01:47', '2025-03-20 13:44:42'),
(3, 2, 'Islamabad SKY Apartments', 'Commercial', 'Approved', 'Under review for new office setup.', 100000.00, '2003', 6, 1, 1, '2025-02-28 15:01:47', '2025-03-20 13:44:37'),
(4, 1, 'J Heights', 'Residential', 'Under Processing', NULL, 100000.00, '2020', 7, 2, 2, '2025-03-20 04:36:49', '2025-03-20 18:53:13');


INSERT INTO `buildingpictures` (`id`, `building_id`, `file_path`, `file_name`, `created_at`, `updated_at`) VALUES
(1, 1, 'uploads/buildings/images/1734379577_Building_1.jpg', '1734379577_Building_1.jpeg', '2025-02-28 15:05:35', '2025-03-21 09:03:32'),
(2, 2, 'uploads/buildings/images/1734379590_Building_2.jpg', '1734379590_Building_2.jpeg', '2025-02-28 15:05:35', '2025-03-21 09:03:32'),
(3, 3, 'uploads/buildings/images/1734379603_Building_3.jpg', '1734379603_Building_3.jpeg', '2025-02-28 15:05:35', '2025-03-21 09:03:32'),
(4, 4, 'uploads/buildings/images/1742463409_Building_4.jpg', '1742463409_Building_4.jpeg', '2025-03-20 04:36:49', '2025-03-21 09:03:32');


INSERT INTO `buildinglevels` (`id`, `organization_id`, `building_id`, `level_name`, `description`, `level_number`, `status`, `created_by`, `updated_by`, `created_at`, `updated_at`) VALUES
(1, 1, 1, 'First Floor', 'Office space for rent', 1, 'Approved', 1, 1, '2025-02-28 10:12:11', '2025-03-28 11:22:34'),
(2, 1, 2, 'Second Floor', 'Meeting rooms and conference spaces', 2, 'Approved', 1, 1, '2025-02-28 10:12:11', '2025-03-28 11:22:34'),
(3, 2, 3, 'Ground Floor', 'Office reception area', 0, 'Approved', 1, 1, '2025-02-28 10:12:11', '2025-03-28 11:22:46'),
(4, 1, 4, 'First Floor', 'No Description', 1, 'Rejected', 2, 2, '2025-03-20 04:42:48', '2025-03-28 11:22:34'),
(5, 1, 4, 'Second Floor', 'No Description', 2, 'Rejected', 2, 2, '2025-03-20 04:42:06', '2025-03-28 11:22:34'),
(6, 1, 4, 'Third First Floor', 'No Description', 3, 'Rejected', 2, 2, '2025-03-20 04:42:48', '2025-03-28 11:22:34'),
(7, 1, 2, 'First Floor', 'No Description', 1, 'Approved', 1, 1, '2025-03-20 13:00:48', '2025-03-28 11:22:34'),
(8, 1, 1, 'Second Floor', 'No Description', 2, 'Approved', 1, 1, '2025-03-20 13:02:15', '2025-03-28 11:22:34'),
(9, 1, 1, 'Third Floor', 'No Description', 3, 'Approved', 1, 1, '2025-03-20 13:03:28', '2025-03-28 11:22:34'),
(10, 2, 3, 'First Floor', 'No Description', 1, 'Approved', 1, 1, '2025-03-20 13:08:47', '2025-03-28 11:22:46'),
(11, 2, 3, 'Second Floor', 'No Description', 2, 'Approved', 1, 1, '2025-03-20 13:10:36', '2025-03-28 11:22:46');


INSERT INTO `buildingunits` (`id`, `level_id`, `building_id`, `organization_id`, `unit_name`, `unit_type`, `availability_status`, `sale_or_rent`, `price`, `area`, `description`, `status`, `created_by`, `updated_by`, `created_at`, `updated_at`) VALUES
(1, 9, 1, 1, 'Pizza Galleria', 'Restaurant', 'Available', 'Not Available', 0.00, 100.00, 'Restaurant that offers a delightful fusion of authentic Italian flavors and a cozy dining experience. Enjoy handcrafted pizzas made with fresh ingredients and artistic flair.', 'Approved', 1, 2, '2025-02-28 10:19:46', '2025-05-01 03:48:05'),
(2, 2, 2, 1, 'Fitness Pro', 'Gym', 'Available', 'Not Available', 0.00, 100.00, 'An ultimate destination for strength, cardio, and transformation. Experience top-tier equipment, expert trainers, and a motivating atmosphere.', 'Approved', 1, 2, '2025-02-28 10:19:46', '2025-05-01 03:48:38'),
(3, 10, 3, 2, 'Apartment 01', 'Apartment', 'Available', 'Rent', 35000.00, 100.00, 'A modern two-bedroom apartment with an open living area, stainless steel appliances, spacious bedrooms, and a private balcony with city views.', 'Approved', 1, 1, '2025-02-28 10:19:46', '2025-05-01 08:41:22'),
(4, 2, 2, 1, 'Room 02', 'Room', 'Available', 'Sale', 100000.00, 100.00, 'A cozy room with large windows, neutral walls, hardwood floors, a queen-sized bed, a desk, and built-in closets. Perfect for relaxation and productivity.', 'Approved', 1, 1, '2025-02-28 10:19:46', '2025-05-01 08:41:22'),
(5, 2, 2, 1, 'Shop 02', 'Shop', 'Available', 'Rent', 15000.00, 100.00, 'Vintage Treasures offers handpicked antiques, unique collectibles, and retro décor in a charming, rustic setting.', 'Approved', 1, 1, '2025-02-28 10:19:46', '2025-02-28 10:19:46'),
(6, 9, 1, 1, 'Apartment 02', 'Apartment', 'Available', 'Rent', 25000.00, 100.00, 'A modern two-bedroom apartment with an open living area, stainless steel appliances, spacious bedrooms, and a private balcony with city views.', 'Approved', 1, 1, '2025-02-28 10:19:46', '2025-05-01 08:41:22'),
(7, 2, 2, 1, 'Room 03', 'Room', 'Available', 'Rent', 10000.00, 100.00, 'A cozy room with large windows, neutral walls, hardwood floors, a queen-sized bed, a desk, and built-in closets. Perfect for relaxation and productivity.', 'Approved', 1, 1, '2025-02-28 10:19:46', '2025-02-28 10:19:46'),
(8, 10, 3, 2, 'Shop 03', 'Shop', 'Available', 'Sale', 135000.00, 100.00, 'Vintage Treasures offers handpicked antiques, unique collectibles, and retro décor in a charming, rustic setting.', 'Approved', 1, 1, '2025-02-28 10:19:46', '2025-03-20 13:09:22'),
(9, 8, 1, 1, 'Apartment 03', 'Apartment', 'Available', 'Rent', 20000.00, 100.00, 'A modern two-bedroom apartment with an open living area, stainless steel appliances, spacious bedrooms, and a private balcony with city views.', 'Approved', 1, 1, '2025-02-28 10:19:46', '2025-05-01 08:41:22'),
(10, 3, 3, 2, 'Room 04', 'Room', 'Available', 'Rent', 10000.00, 100.00, 'A cozy room with large windows, neutral walls, hardwood floors, a queen-sized bed, a desk, and built-in closets. Perfect for relaxation and productivity.', 'Approved', 1, 1, '2025-02-28 10:19:46', '2025-02-28 10:19:46'),
(11, 8, 1, 1, 'Shop 04', 'Shop', 'Available', 'Rent', 150000.00, 100.00, 'Vintage Treasures offers handpicked antiques, unique collectibles, and retro décor in a charming, rustic setting.', 'Approved', 1, 1, '2025-02-28 10:19:46', '2025-05-01 08:41:22'),
(12, 2, 2, 1, 'Apartment 04', 'Apartment', 'Available', 'Sale', 35000.00, 100.00, 'A modern two-bedroom apartment with an open living area, stainless steel appliances, spacious bedrooms, and a private balcony with city views.', 'Approved', 1, 1, '2025-02-28 10:19:46', '2025-02-28 10:19:46'),
(13, 1, 1, 1, 'Room 05', 'Room', 'Available', 'Rent', 100000.00, 100.00, 'A cozy room with large windows, neutral walls, hardwood floors, a queen-sized bed, a desk, and built-in closets. Perfect for relaxation and productivity.', 'Approved', 1, 1, '2025-02-28 10:19:46', '2025-02-28 10:19:46'),
(14, 1, 1, 1, 'Shop 05', 'Shop', 'Available', 'Rent', 15000.00, 100.00, 'Vintage Treasures offers handpicked antiques, unique collectibles, and retro décor in a charming, rustic setting.', 'Approved', 1, 1, '2025-02-28 10:19:46', '2025-05-01 08:41:22'),
(15, 7, 2, 1, 'Apartment 05', 'Apartment', 'Available', 'Rent', 25000.00, 100.00, 'A modern two-bedroom apartment with an open living area, stainless steel appliances, spacious bedrooms, and a private balcony with city views.', 'Approved', 1, 1, '2025-02-28 10:19:46', '2025-03-20 13:01:32'),
(16, 7, 2, 1, 'Room 06', 'Room', 'Available', 'Sale', 10000.00, 100.00, 'A cozy room with large windows, neutral walls, hardwood floors, a queen-sized bed, a desk, and built-in closets. Perfect for relaxation and productivity.', 'Approved', 1, 1, '2025-02-28 10:19:46', '2025-05-01 08:41:22'),
(17, 1, 1, 1, 'Shop 06', 'Shop', 'Available', 'Rent', 135000.00, 100.00, 'Vintage Treasures offers handpicked antiques, unique collectibles, and retro décor in a charming, rustic setting.', 'Approved', 1, 1, '2025-02-28 10:19:46', '2025-02-28 10:19:46'),
(18, 7, 2, 1, 'Apartment 06', 'Apartment', 'Available', 'Sale', 20000.00, 100.00, 'A modern two-bedroom apartment with an open living area, stainless steel appliances, spacious bedrooms, and a private balcony with city views.', 'Approved', 1, 1, '2025-02-28 10:19:46', '2025-03-20 13:01:32'),
(19, 8, 1, 1, 'Room 07', 'Room', 'Available', 'Sale', 10000.00, 100.00, 'A cozy room with large windows, neutral walls, hardwood floors, a queen-sized bed, a desk, and built-in closets. Perfect for relaxation and productivity.', 'Approved', 1, 1, '2025-02-28 10:19:46', '2025-05-01 08:41:22'),
(20, 3, 3, 2, 'Shop 07', 'Shop', 'Available', 'Sale', 150000.00, 100.00, 'Vintage Treasures offers handpicked antiques, unique collectibles, and retro décor in a charming, rustic setting.', 'Approved', 1, 1, '2025-02-28 10:19:46', '2025-02-28 10:19:46'),
(21, 3, 3, 2, 'Apartment 07', 'Apartment', 'Available', 'Sale', 35000.00, 100.00, 'A modern two-bedroom apartment with an open living area, stainless steel appliances, spacious bedrooms, and a private balcony with city views.', 'Approved', 1, 1, '2025-02-28 10:19:46', '2025-02-28 10:19:46'),
(22, 4, 4, 1, 'Shop 08', 'Shop', 'Available', 'Sale', 100000.00, 100.00, 'Vintage Treasures offers handpicked antiques, unique collectibles, and retro décor in a charming, rustic setting.', 'Rejected', 2, 2, '2025-03-20 05:04:26', '2025-03-21 10:56:06'),
(23, 5, 4, 1, 'Shop 09', 'Shop', 'Available', 'Sale', 100000.00, 100.00, 'Vintage Treasures offers handpicked antiques, unique collectibles, and retro décor in a charming, rustic setting.', 'Rejected', 2, 2, '2025-03-20 05:04:26', '2025-03-20 05:04:26'),
(24, 4, 4, 1, 'Room 08', 'Room', 'Available', 'Sale', 100000.00, 100.00, 'A cozy room with large windows, neutral walls, hardwood floors, a queen-sized bed, a desk, and built-in closets. Perfect for relaxation and productivity.', 'Rejected', 2, 2, '2025-03-20 05:04:26', '2025-03-20 05:04:26'),
(25, 6, 4, 1, 'Room 09', 'Room', 'Available', 'Sale', 100000.00, 100.00, 'A cozy room with large windows, neutral walls, hardwood floors, a queen-sized bed, a desk, and built-in closets. Perfect for relaxation and productivity.', 'Rejected', 2, 2, '2025-03-20 05:04:26', '2025-03-20 05:04:26'),
(26, 6, 4, 1, 'Room 10', 'Room', 'Available', 'Sale', 100000.00, 100.00, 'A cozy room with large windows, neutral walls, hardwood floors, a queen-sized bed, a desk, and built-in closets. Perfect for relaxation and productivity.', 'Rejected', 2, 2, '2025-03-20 05:04:26', '2025-03-20 05:04:26'),
(27, 5, 4, 1, 'Room 11', 'Room', 'Available', 'Sale', 100000.00, 100.00, 'A cozy room with large windows, neutral walls, hardwood floors, a queen-sized bed, a desk, and built-in closets. Perfect for relaxation and productivity.', 'Rejected', 2, 2, '2025-03-20 05:04:26', '2025-03-20 05:04:26'),
(28, 4, 4, 1, 'Apartment 08', 'Apartment', 'Available', 'Sale', 100000.00, 100.00, 'A modern two-bedroom apartment with an open living area, stainless steel appliances, spacious bedrooms, and a private balcony with city views.', 'Rejected', 2, 2, '2025-03-20 05:04:26', '2025-03-21 10:55:24'),
(29, 11, 3, 2, 'Apartment 09', 'Apartment', 'Available', 'Sale', 150000.00, 100.00, 'A modern two-bedroom apartment with an open living area, stainless steel appliances, spacious bedrooms, and a private balcony with city views.', 'Approved', 1, 1, '2025-03-20 13:13:06', '2025-03-21 10:57:48');


INSERT INTO `unitpictures` (`id`, `unit_id`, `file_path`, `file_name`, `created_at`, `updated_at`) VALUES
(1, 3, 'uploads/units/images/Apartment_1.jpg', 'Apartment1', '2025-02-28 15:29:12', '2025-03-20 19:06:40'),
(2, 3, 'uploads/units/images/Apartment_2.jpg', 'Apartment2', '2025-02-28 15:29:12', '2025-03-20 19:06:40'),
(3, 3, 'uploads/units/images/Apartment_3.jpg', 'Apartment3', '2025-02-28 15:29:12', '2025-03-20 19:06:40'),
(4, 6, 'uploads/units/images/Apartment_4.jpg', 'Apartment4', '2025-02-28 15:29:12', '2025-03-20 19:14:15'),
(5, 6, 'uploads/units/images/Apartment_5.jpg', 'Apartment5', '2025-02-28 15:29:12', '2025-03-20 19:14:15'),
(6, 6, 'uploads/units/images/Apartment_6.jpg', 'Apartment6', '2025-02-28 15:29:12', '2025-03-20 19:14:15'),
(7, 9, 'uploads/units/images/Apartment_7.jpg', 'Apartment7', '2025-02-28 15:29:12', '2025-03-20 19:17:59'),
(8, 9, 'uploads/units/images/Apartment_8.jpg', 'Apartment8', '2025-02-28 15:29:12', '2025-03-20 19:17:59'),
(9, 9, 'uploads/units/images/Apartment_9.jpg', 'Apartment9', '2025-02-28 15:29:12', '2025-03-20 19:17:59'),
(10, 12, 'uploads/units/images/Apartment_10.jpg', 'Apartment10', '2025-02-28 15:29:12', '2025-03-20 19:25:03'),
(11, 12, 'uploads/units/images/Apartment_11.jpg', 'Apartment11', '2025-02-28 15:29:12', '2025-03-20 19:25:03'),
(12, 12, 'uploads/units/images/Apartment_12.jpg', 'Apartment12', '2025-02-28 15:29:12', '2025-03-20 19:25:03'),
(13, 15, 'uploads/units/images/Apartment_13.jpg', 'Apartment13', '2025-02-28 15:29:12', '2025-03-20 19:42:38'),
(14, 15, 'uploads/units/images/Apartment_14.jpg', 'Apartment14', '2025-02-28 15:29:12', '2025-03-20 19:42:38'),
(15, 15, 'uploads/units/images/Apartment_15.jpg', 'Apartment15', '2025-02-28 15:29:12', '2025-03-20 19:42:38'),
(16, 18, 'uploads/units/images/Apartment_16.jpg', 'Apartment16', '2025-02-28 15:29:12', '2025-03-20 19:47:40'),
(17, 18, 'uploads/units/images/Apartment_17.jpg', 'Apartment17', '2025-02-28 15:29:12', '2025-03-20 19:47:40'),
(18, 18, 'uploads/units/images/Apartment_18.jpg', 'Apartment18', '2025-02-28 15:29:12', '2025-03-20 19:47:40'),
(19, 21, 'uploads/units/images/Apartment_19.jpg', 'Apartment19', '2025-02-28 15:29:12', '2025-03-20 19:56:14'),
(20, 21, 'uploads/units/images/Apartment_20.jpg', 'Apartment20', '2025-02-28 15:29:12', '2025-03-20 18:50:35'),
(21, 21, 'uploads/units/images/Apartment_21.jpg', 'Apartment21', '2025-02-28 15:29:12', '2025-03-20 19:56:14'),
(22, 2, 'uploads/units/images/Shop_1.jpg', 'Shop1', '2025-02-28 15:29:12', '2025-03-20 20:02:49'),
(23, 5, 'uploads/units/images/Shop_2.jpg', 'Shop2', '2025-02-28 15:29:12', '2025-03-20 20:02:49'),
(24, 8, 'uploads/units/images/Shop_3.jpg', 'Shop3', '2025-02-28 15:29:12', '2025-03-20 20:02:49'),
(25, 11, 'uploads/units/images/Shop_4.jpg', 'Shop4', '2025-02-28 15:29:12', '2025-03-20 20:02:49'),
(26, 14, 'uploads/units/images/Shop_5.jpg', 'Shop5', '2025-02-28 15:29:12', '2025-03-20 20:02:49'),
(27, 17, 'uploads/units/images/Shop_6.jpg', 'Shop6', '2025-02-28 15:29:12', '2025-03-20 20:02:49'),
(28, 20, 'uploads/units/images/Shop_7.jpg', 'Shop7', '2025-02-28 15:29:12', '2025-03-20 20:02:49'),
(29, 1, 'uploads/units/images/Room_1.jpg', 'Room1', '2025-02-28 15:29:12', '2025-03-20 20:17:16'),
(30, 4, 'uploads/units/images/Room_2.jpg', 'Room2', '2025-02-28 15:29:12', '2025-03-20 20:17:16'),
(31, 7, 'uploads/units/images/Room_3.jpg', 'Room3', '2025-02-28 15:29:12', '2025-03-20 20:17:16'),
(32, 10, 'uploads/units/images/Room_4.jpg', 'Room4', '2025-02-28 15:29:12', '2025-03-20 20:17:16'),
(33, 13, 'uploads/units/images/Room_5.jpg', 'Room5', '2025-02-28 15:29:12', '2025-03-20 20:17:16'),
(34, 16, 'uploads/units/images/Room_6.jpg', 'Room6', '2025-02-28 15:29:12', '2025-03-20 20:17:16'),
(35, 19, 'uploads/units/images/Room_7.jpg', 'Room7', '2025-02-28 15:29:12', '2025-03-20 20:17:16'),
(36, 1, 'uploads/units/images/Room_8.jpg', 'Room8', '2025-02-28 15:29:12', '2025-03-20 20:17:16'),
(37, 4, 'uploads/units/images/Room_9.jpg', 'Room9', '2025-02-28 15:29:12', '2025-03-20 20:17:16'),
(38, 7, 'uploads/units/images/Room_10.jpg', 'Room10', '2025-02-28 15:29:12', '2025-03-20 20:17:16'),
(39, 10, 'uploads/units/images/Room_11.jpg', 'Room11', '2025-02-28 15:29:12', '2025-03-20 20:17:16'),
(40, 13, 'uploads/units/images/Room_12.jpg', 'Room12', '2025-02-28 15:29:12', '2025-03-20 20:17:16'),
(41, 16, 'uploads/units/images/Room_13.jpg', 'Room13', '2025-02-28 15:29:12', '2025-03-20 20:17:16'),
(42, 19, 'uploads/units/images/Room_14.jpg', 'Room14', '2025-02-28 15:29:12', '2025-03-20 20:17:16'),
(43, 1, 'uploads/units/images/Room_15.jpg', 'Room15', '2025-02-28 15:29:12', '2025-03-20 20:17:16'),
(44, 4, 'uploads/units/images/Room_16.jpg', 'Room16', '2025-02-28 15:29:12', '2025-03-20 20:17:16'),
(45, 7, 'uploads/units/images/Room_17.jpg', 'Room17', '2025-02-28 15:29:12', '2025-03-20 20:17:16'),
(46, 10, 'uploads/units/images/Room_18.jpg', 'Room18', '2025-02-28 15:29:12', '2025-03-20 20:17:16'),
(47, 13, 'uploads/units/images/Room_19.jpg', 'Room19', '2025-02-28 15:29:12', '2025-03-20 20:17:16'),
(48, 16, 'uploads/units/images/Room_20.jpg', 'Room20', '2025-02-28 15:29:12', '2025-03-20 20:17:16'),
(49, 19, 'uploads/units/images/Room_21.jpg', 'Room21', '2025-02-28 15:29:12', '2025-03-20 20:17:16'),
(50, 22, 'uploads/units/images/Shop_8.jpg', 'Shop8', '2025-03-20 10:09:19', '2025-03-20 20:13:42'),
(51, 23, 'uploads/units/images/Shop_9.jpg', 'Shop9', '2025-03-20 10:09:19', '2025-03-20 20:13:42'),
(52, 24, 'uploads/units/images/Room_22.jpg', 'Room22', '2025-03-20 10:09:19', '2025-03-20 20:17:16'),
(53, 25, 'uploads/units/images/Room_23.jpg', 'Room23', '2025-03-20 10:09:19', '2025-03-20 20:17:16'),
(54, 26, 'uploads/units/images/Room_24.jpg', 'Room24', '2025-03-20 10:09:19', '2025-03-20 20:17:16'),
(55, 27, 'uploads/units/images/Room_25.jpg', 'Room25', '2025-03-20 10:09:19', '2025-03-20 20:17:16'),
(56, 28, 'uploads/units/images/Apartment_22.jpg', 'Apartment22', '2025-03-20 10:09:19', '2025-03-20 19:57:27'),
(57, 29, 'uploads/units/images/Apartment_23.jpg', 'Apartment23', '2025-03-20 18:15:01', '2025-03-20 18:46:27'),
(58, 29, 'uploads/units/images/Apartment_24.jpg', 'Apartment24', '2025-03-20 18:15:01', '2025-03-20 18:46:27'),
(59, 29, 'uploads/units/images/Apartment_25.jpg', 'Apartment25', '2025-03-20 18:15:01', '2025-03-20 18:46:27');


INSERT INTO `departments` (`id`, `name`, `description`, `organization_id`, `created_by`, `updated_by`, `created_at`, `updated_at`) VALUES
(1, 'Electric', 'null', 1, 1, 1, '2025-02-28 15:58:33', '2025-02-28 15:58:33'),
(2, 'Water', 'null', 1, 1, 1, '2025-02-28 15:58:33', '2025-02-28 15:58:33'),
(3, 'Management', 'null', 1, 1, 1, '2025-02-28 15:58:33', '2025-02-28 15:58:33'),
(4, 'Electric', 'null', 2, 1, 1, '2025-02-28 15:58:33', '2025-02-28 15:58:33'),
(5, 'Water', 'null', 2, 1, 1, '2025-02-28 15:58:33', '2025-02-28 15:58:33'),
(6, 'Management', 'null', 2, 1, 1, '2025-02-28 15:58:33', '2025-02-28 15:58:33');


INSERT INTO `staffmembers` (`id`, `user_id`, `department_id`, `building_id`, `organization_id`, `salary`, `active_load`, `accept_queries`, `status`, `created_by`, `updated_by`, `created_at`, `updated_at`) VALUES
(1, 7, 1, 1, 1, 0.0, 2, 1, 1, 1, 1, '2025-02-28 11:02:40', '2025-03-21 07:39:17'),
(2, 8, 1, 1, 1, 0.0, 1, 1, 1, 1, 1, '2025-02-28 11:02:40', '2025-03-21 10:42:37'),
(3, 9, 1, 2, 1, 0.0, 0, 1, 1, 1, 1, '2025-02-28 11:02:40', '2025-05-03 12:56:23'),
(4, 10, 1, 2, 1, 0.0, 0, 1, 1, 1, 1, '2025-02-28 11:02:40', '2025-05-03 12:56:23'),
(5, 11, 4, 3, 2, 0.0, 0, 1, 1, 1, 1, '2025-02-28 11:02:40', '2025-03-20 07:16:57'),
(6, 12, 4, 3, 2, 0.0, 0, 1, 1, 1, 1, '2025-03-20 07:16:45', '2025-03-20 07:16:45'),
(7, 5, NULL, NULL, 1, 0.0, 0, 0, 1, 2, 2, '2025-03-22 17:29:33', '2025-03-22 17:32:06'),
(8, 6, NULL, NULL, 1, 0.0, 0, 0, 1, 2, 2, '2025-03-22 17:40:23', '2025-03-22 17:40:23');


INSERT INTO `managerbuildings` (`id`, `user_id`, `staff_id`, `building_id`, `created_at`, `updated_at`) VALUES
(1, 5, 7, 1, '2025-03-22 22:41:28', '2025-03-22 22:46:05');


INSERT INTO `queries` (`id`, `user_id`, `unit_id`, `building_id`, `department_id`, `staff_member_id`, `description`, `status`, `expected_closure_date`, `remarks`, `created_at`, `updated_at`) VALUES
(1, 13, 19, 1, 1, 2, 'I am experiencing a problem with my fan. It is not turning on, and I have already checked the power connection and switch. The fan does not respond at all.', 'Closed', '2024-12-25 14:28:16', 'Your issue has been resolved, thanks for your patience.', '2024-12-20 09:28:16', '2025-03-21 12:13:03'),
(2, 13, 2, 2, 1, 3, 'I am facing an issue with my air conditioner. It is not cooling properly, and sometimes it does not turn on at all. I have checked the power supply and remote settings, but the problem persists. Please assist me in resolving this issue as soon as possible.', 'Closed', '2024-12-27 14:28:16', 'Your issue has been resolved, thanks for your patience.', '2024-12-21 09:28:16', '2024-12-20 09:28:16'),
(3, 13, 6, 1, 1, 1, 'My fan is not working, but it keeps spinning faster every time I turn it off. When I unplug it, it starts working on its own. Also, the fan speed increases when I lower the setting and decreases when I increase it. Please look into this issue. ', 'Rejected', '2024-12-20 20:28:16', 'This query has been rejected because it describes an unrealistic and technically impossible scenario. A fan cannot spin faster when turned off or operate without being plugged in. Additionally, speed settings do not work in reverse. Please provide an accurate description of the issue for proper assistance.', '2024-12-20 09:28:16', '2025-03-21 15:34:18'),
(4, 13, 11, 1, 1, 1, 'My air conditioner was working fine, but now it\'s making my room hotter instead of cooling it. Even when I unplug it, I can still hear it running. I tried turning it off, but it keeps increasing the temperature. Please fix this issue immediately. ', 'Rejected', '2024-12-21 20:28:16', 'This query has been rejected because it describes an unrealistic scenario. An air conditioner cannot increase room temperature when turned off, nor can it continue running after being unplugged. Please provide a genuine issue with accurate details so we can assist you properly.', '2024-12-21 09:28:16', '2025-03-21 15:34:18'),
(5, 13, 6, 1, 1, 1, 'I am experiencing a problem with my fan. It is not turning on, and I have already checked the power connection and switch. The fan does not respond at all.', 'Closed', '2025-01-25 14:28:16', 'Your issue has been resolved, thanks for your patience.', '2025-01-20 09:28:16', '2025-01-20 09:28:16'),
(6, 13, 11, 1, 1, 2, 'I am facing an issue with my air conditioner. It is not cooling properly, and sometimes it does not turn on at all. I have checked the power supply and remote settings, but the problem persists. Please assist me in resolving this issue as soon as possible.', 'Closed', '2025-01-27 14:28:16', 'Your issue has been resolved, thanks for your patience.', '2025-01-21 09:28:16', '2025-01-21 09:28:16'),
(7, 13, 19, 1, 1, 2, 'I am experiencing a problem with my fan. It is not turning on, and I have already checked the power connection and switch. The fan does not respond at all.', 'Closed', '2025-02-25 14:28:16', 'Your issue has been resolved, thanks for your patience.', '2025-02-20 09:28:16', '2025-02-20 09:28:16'),
(8, 13, 2, 2, 1, 3, 'I am facing an issue with my air conditioner. It is not cooling properly, and sometimes it does not turn on at all. I have checked the power supply and remote settings, but the problem persists. Please assist me in resolving this issue as soon as possible.', 'Closed', '2025-02-27 14:28:16', 'Your issue has been resolved, thanks for your patience.', '2025-02-21 09:28:16', '2025-02-21 09:28:16'),
(9, 13, 6, 1, 1, 1, 'My fan is not working, but it keeps spinning faster every time I turn it off. When I unplug it, it starts working on its own. Also, the fan speed increases when I lower the setting and decreases when I increase it. Please look into this issue. ', 'Rejected', '2025-02-20 18:28:16', 'This query has been rejected because it describes an unrealistic and technically impossible scenario. A fan cannot spin faster when turned off or operate without being plugged in. Additionally, speed settings do not work in reverse. Please provide an accurate description of the issue for proper assistance.', '2025-02-20 09:28:16', '2025-02-20 09:28:16'),
(10, 13, 11, 1, 1, 1, 'My air conditioner was working fine, but now it\'s making my room hotter instead of cooling it. Even when I unplug it, I can still hear it running. I tried turning it off, but it keeps increasing the temperature. Please fix this issue immediately. ', 'Rejected', '2025-02-21 18:28:16', 'This query has been rejected because it describes an unrealistic scenario. An air conditioner cannot increase room temperature when turned off, nor can it continue running after being unplugged. Please provide a genuine issue with accurate details so we can assist you properly.', '2025-02-21 09:28:16', '2025-02-21 09:28:16'),
(11, 13, 6, 1, 1, 1, 'I am experiencing a problem with my fan. It is not turning on, and I have already checked the power connection and switch. The fan does not respond at all.', 'In Progress', '2025-03-30 14:28:16', NULL, '2025-03-20 09:28:16', '2025-03-20 09:28:16'),
(12, 13, 11, 1, 1, 2, 'I am facing an issue with my air conditioner. It is not cooling properly, and sometimes it does not turn on at all. I have checked the power supply and remote settings, but the problem persists. Please assist me in resolving this issue as soon as possible.', 'Open', NULL, NULL, '2025-03-21 09:28:16', '2025-03-20 09:28:16'),
(13, 14, 1, 1, 1, 1, 'I am experiencing a problem with my fan. It is not turning on, and I have already checked the power connection and switch. The fan does not respond at all.', 'Open', NULL, NULL, '2025-03-21 12:39:17', '2025-03-22 05:17:47');


INSERT INTO `querypictures` (`id`, `query_id`, `file_path`, `file_name`, `created_at`, `updated_at`) VALUES
(1, 1, 'uploads/query/images/Query_1_1.jpeg', 'Query_1_1', '2025-03-21 12:01:26', '2025-03-21 12:01:26'),
(2, 1, 'uploads/query/images/Query_1_2.jpeg', 'Query_1_2', '2025-03-21 12:01:26', '2025-03-21 12:01:26'),
(3, 1, 'uploads/query/images/Query_1_3.jpeg', 'Query_1_3', '2025-03-21 12:01:26', '2025-03-21 12:01:26'),
(4, 2, 'uploads/query/images/Query_2_1.jpeg', 'Query_2_1', '2025-03-21 12:01:26', '2025-03-21 12:01:26'),
(5, 2, 'uploads/query/images/Query_2_2.jpeg', 'Query_2_2', '2025-03-21 12:01:26', '2025-03-21 12:01:26'),
(6, 2, 'uploads/query/images/Query_2_3.jpeg', 'Query_2_3', '2025-03-21 12:01:26', '2025-03-21 12:01:26'),
(7, 2, 'uploads/query/images/Query_2_4.jpeg', 'Query_2_4', '2025-03-21 12:01:26', '2025-03-21 12:01:26'),
(8, 3, 'uploads/query/images/Query_3_1.jpeg', 'Query_3_1', '2025-03-21 12:13:13', '2025-03-21 12:13:13'),
(9, 4, 'uploads/query/images/Query_3_1.jpeg', 'Query_3_1', '2025-03-21 12:13:13', '2025-03-21 12:13:13'),
(10, 11, 'uploads/query/images/Query_1_1.jpeg', 'Query_1_1', '2025-03-21 15:36:26', '2025-03-21 15:36:26'),
(11, 11, 'uploads/query/images/Query_1_2.jpeg', 'Query_1_2', '2025-03-21 15:36:26', '2025-03-21 15:36:26'),
(12, 11, 'uploads/query/images/Query_1_3.jpeg', 'Query_1_3', '2025-03-21 15:36:26', '2025-03-21 15:36:26'),
(13, 12, 'uploads/query/images/Query_2_1.jpeg', 'Query_2_1', '2025-03-21 15:36:26', '2025-03-21 15:36:26'),
(14, 12, 'uploads/query/images/Query_2_2.jpeg', 'Query_2_2', '2025-03-21 15:36:26', '2025-03-21 15:36:26'),
(15, 12, 'uploads/query/images/Query_2_3.jpeg', 'Query_2_3', '2025-03-21 15:36:26', '2025-03-21 15:36:26'),
(16, 12, 'uploads/query/images/Query_2_4.jpeg', 'Query_2_4', '2025-03-21 15:36:26', '2025-03-21 15:36:26'),
(17, 9, 'uploads/query/images/Query_3_1.jpeg', 'Query_3_1', '2025-03-21 15:36:26', '2025-03-21 15:36:26'),
(18, 10, 'uploads/query/images/Query_3_1.jpeg', 'Query_3_1', '2025-03-21 15:36:26', '2025-03-21 15:36:26');


INSERT INTO `dropdowntypes` (`id`, `type_name`, `description`, `parent_type_id`, `status`, `created_at`, `updated_at`) VALUES
(1, 'Country', 'null', NULL, 1, '2025-02-28 15:34:53', '2025-02-28 15:34:53'),
(2, 'Province', 'null', 1, 1, '2025-02-28 15:34:53', '2025-02-28 15:34:53'),
(3, 'City', 'null', 2, 1, '2025-02-28 15:34:53', '2025-02-28 15:34:53'),
(4, 'Building-type', 'null', NULL, 1, '2025-02-28 15:34:53', '2025-02-28 15:34:53'),
(5, 'Building-document-type', 'null', NULL, 1, '2025-02-28 15:34:53', '2025-02-28 15:34:53'),
(6, 'Unit-type', 'null', NULL, 1, '2025-02-28 15:34:53', '2025-02-28 15:34:53');


INSERT INTO `dropdownvalues` (`id`, `value_name`, `description`, `dropdown_type_id`, `parent_value_id`, `status`, `created_at`, `updated_at`) VALUES
(1, 'Pakistan', 'null', 1, NULL, 1, '2025-02-28 15:35:57', '2025-02-28 15:35:57'),
(2, 'Punjab', 'null', 2, 1, 1, '2025-02-28 15:35:57', '2025-02-28 15:35:57'),
(3, 'Lahore', 'null', 3, 2, 1, '2025-02-28 15:35:57', '2025-02-28 15:35:57'),
(4, 'Sindh', 'null', 2, 1, 1, '2025-02-28 15:35:57', '2025-02-28 15:35:57'),
(5, 'Karachi', 'null', 3, 4, 1, '2025-02-28 15:35:57', '2025-02-28 15:35:57'),
(6, 'Balochistan', 'null', 2, 1, 1, '2025-02-28 15:35:57', '2025-02-28 15:35:57'),
(7, 'Khyber Pakhtunkhwa', 'null', 2, 1, 1, '2025-02-28 15:35:57', '2025-02-28 15:35:57'),
(8, 'Capital', 'null', 2, 1, 1, '2025-02-28 15:35:57', '2025-02-28 15:35:57'),
(9, 'Multan', 'null', 3, 2, 1, '2025-02-28 15:35:57', '2025-02-28 15:35:57'),
(10, 'Faisalabad', 'null', 3, 2, 1, '2025-02-28 15:35:57', '2025-02-28 15:35:57'),
(11, 'Okara', 'null', 3, 2, 1, '2025-02-28 15:35:57', '2025-02-28 15:35:57'),
(12, 'Hyderabad', 'null', 3, 4, 1, '2025-02-28 15:35:57', '2025-02-28 15:35:57'),
(13, 'Sukkur', 'null', 3, 4, 1, '2025-02-28 15:35:57', '2025-02-28 15:35:57'),
(14, 'Quetta', 'null', 3, 6, 1, '2025-02-28 15:35:57', '2025-02-28 15:35:57'),
(15, 'Turbat', 'null', 3, 6, 1, '2025-02-28 15:35:57', '2025-02-28 15:35:57'),
(16, 'Abbottabad', 'null', 3, 7, 1, '2025-02-28 15:35:57', '2025-02-28 15:35:57'),
(17, 'Dera Ismail Khan', 'null', 3, 7, 1, '2025-02-28 15:35:57', '2025-02-28 15:35:57'),
(18, 'Peshawar', 'null', 3, 7, 1, '2025-02-28 15:35:57', '2025-02-28 15:35:57'),
(19, 'Islamabad', 'null', 3, 8, 1, '2025-02-28 15:35:57', '2025-02-28 15:35:57'),
(20, 'Residential', 'null', 4, NULL, 1, '2025-02-28 15:35:57', '2025-02-28 15:35:57'),
(21, 'Commercial', 'null', 4, NULL, 1, '2025-02-28 15:35:57', '2025-02-28 15:35:57'),
(22, 'Industrial', 'null', 4, NULL, 1, '2025-02-28 15:35:57', '2025-02-28 15:35:57'),
(23, 'Mixed-Use', 'null', 4, NULL, 1, '2025-02-28 15:35:57', '2025-02-28 15:35:57'),
(24, 'Building Permit', 'null', 5, NULL, 1, '2025-02-28 15:35:57', '2025-02-28 15:35:57'),
(25, 'Occupancy Certificate', 'null', 5, NULL, 1, '2025-02-28 15:35:57', '2025-02-28 15:35:57'),
(26, 'Completion Certificate', 'null', 5, NULL, 1, '2025-02-28 15:35:57', '2025-02-28 15:35:57'),
(27, 'Room', 'null', 6, NULL, 1, '2025-02-28 15:35:57', '2025-02-28 15:35:57'),
(28, 'Shop', 'null', 6, NULL, 1, '2025-02-28 15:35:57', '2025-02-28 15:35:57'),
(29, 'Apartment', 'null', 6, NULL, 1, '2025-02-28 15:35:57', '2025-02-28 15:35:57'),
(30, 'Restaurant', 'null', 6, NULL, 1, '2025-02-28 15:35:57', '2025-02-28 15:35:57'),
(31, 'Gym', 'null', 6, NULL, 1, '2025-02-28 15:35:57', '2025-02-28 15:35:57');


INSERT INTO `permissions` (`id`, `name`, `header`, `description`, `status`, `parent_id`, `created_at`, `updated_at`) VALUES
(1, 'Admin Dashboard', 'Admin Portal', 'Admin Portal', 1, NULL, '2025-02-28 08:53:22', '2025-02-28 08:53:22'),
(2, 'Admin Dashboard Stats', 'Admin Portal', 'Admin Portal', 1, 1, '2025-02-28 08:53:22', '2025-07-12 21:18:53'),
(3, 'Subscription Plans Chart', 'Admin Portal', 'Admin Portal', 1, 1, '2025-02-28 08:53:22', '2025-07-12 21:18:53'),
(4, 'Approval Requests Chart', 'Admin Portal', 'Admin Portal', 1, 1, '2025-02-28 08:53:22', '2025-07-12 21:18:53'),
(5, 'Revenue Growth Chart', 'Admin Portal', 'Admin Portal', 1, 1, '2025-02-28 08:53:22', '2025-07-12 21:18:53'),
(6, 'Plan Popularity Chart', 'Admin Portal', 'Admin Portal', 1, 1, '2025-02-28 08:53:22', '2025-07-12 21:18:53'),
(7, 'Subscription Distribution Chart', 'Admin Portal', 'Admin Portal', 1, 1, '2025-02-28 08:53:22', '2025-07-12 21:18:53'),
(8, 'Approval Timeline Chart', 'Admin Portal', 'Admin Portal', 1, 1, '2025-02-28 08:53:22', '2025-07-12 21:18:53'),
(9, 'Plans', 'Admin Portal', 'Admin Portal', 1, NULL, '2025-02-28 08:53:22', '2025-02-28 08:53:22'),
(10, 'Add Plan', 'Admin Portal', 'Admin Portal', 1, 9, '2025-02-28 08:53:22', '2025-02-28 08:53:22'),
(11, 'Edit Plan', 'Admin Portal', 'Admin Portal', 1, 9, '2025-02-28 08:53:22', '2025-02-28 08:53:22'),
(12, 'View Plan Details', 'Admin Portal', 'Admin Portal', 1, 9, '2025-02-28 08:53:22', '2025-02-28 08:53:22'),
(13, 'Delete Plan', 'Admin Portal', 'Admin Portal', 1, 9, '2025-02-28 08:53:22', '2025-02-28 08:53:22'),
(14, 'User Management', 'Admin Portal', 'Admin Portal', 1, NULL, '2025-02-28 08:53:22', '2025-07-12 17:50:51'),
(15, 'Add User', 'Admin Portal', 'Admin Portal', 1, 14, '2025-02-28 08:53:22', '2025-07-12 17:50:51'),
(16, 'Edit User', 'Admin Portal', 'Admin Portal', 1, 14, '2025-02-28 08:53:22', '2025-07-12 17:50:51'),
(17, 'Role Management', 'Admin Portal', 'Admin Portal', 1, NULL, '2025-02-28 08:53:22', '2025-02-28 08:53:22'),
(18, 'Add Role', 'Admin Portal', 'Admin Portal', 1, 17, '2025-02-28 08:53:22', '2025-02-28 08:53:22'),
(19, 'Edit Role', 'Admin Portal', 'Admin Portal', 1, 17, '2025-02-28 08:53:22', '2025-02-28 08:53:22'),
(20, 'Delete Role', 'Admin Portal', 'Admin Portal', 1, 17, '2025-02-28 08:53:22', '2025-02-28 08:53:22'),
(21, 'Manage Role Permissions', 'Admin Portal', 'Admin Portal', 1, 17, '2025-02-28 08:53:22', '2025-02-28 08:53:22'),
(22, 'Organization Management', 'Admin Portal', 'Admin Portal', 1, NULL, '2025-02-28 08:53:22', '2025-02-28 08:53:22'),
(23, 'Add Organization', 'Admin Portal', 'Admin Portal', 1, 22, '2025-02-28 08:53:22', '2025-02-28 08:53:22'),
(24, 'Edit Organization', 'Admin Portal', 'Admin Portal', 1, 22, '2025-02-28 08:53:22', '2025-02-28 08:53:22'),
(25, 'View Organization Details', 'Admin Portal', 'Admin Portal', 1, 22, '2025-02-28 08:53:22', '2025-02-28 08:53:22'),
(26, 'Upgrade Organization Plan', 'Admin Portal', 'Admin Portal', 1, 22, '2025-02-28 08:53:22', '2025-02-28 08:53:22'),
(27, 'Record Plan Payment', 'Admin Portal', 'Admin Portal', 1, 22, '2025-02-28 08:53:22', '2025-02-28 08:53:22'),
(28, 'Admin Finance', 'Admin Portal', 'Admin Portal', 1, NULL, '2025-02-28 08:53:22', '2025-02-28 08:53:22'),
(29, 'Admin Transaction Details', 'Admin Portal', 'Admin Portal', 1, 28, '2025-02-28 08:53:22', '2025-02-28 08:53:22'),
(30, 'Admin Buildings', 'Admin Portal', 'Admin Portal', 1, NULL, '2025-02-28 08:53:22', '2025-02-28 08:53:22'),
(31, 'Admin Add Building', 'Admin Portal', 'Admin Portal', 1, 30, '2025-02-28 08:53:22', '2025-02-28 08:53:22'),
(32, 'Admin Edit Building', 'Admin Portal', 'Admin Portal', 1, 30, '2025-02-28 08:53:22', '2025-02-28 08:53:22'),
(33, 'Admin Building Details', 'Admin Portal', 'Admin Portal', 1, 30, '2025-02-28 08:53:22', '2025-02-28 08:53:22'),
(34, 'Accept Building', 'Admin Portal', 'Admin Portal', 1, 30, '2025-02-28 08:53:22', '2025-02-28 08:53:22'),
(35, 'Reject Building', 'Admin Portal', 'Admin Portal', 1, 30, '2025-02-28 08:53:22', '2025-02-28 08:53:22'),
(36, 'Report Remarks', 'Admin Portal', 'Admin Portal', 1, 30, '2025-02-28 08:53:22', '2025-02-28 08:53:22'),
(37, 'Admin Levels', 'Admin Portal', 'Admin Portal', 1, NULL, '2025-02-28 08:53:22', '2025-02-28 08:53:22'),
(38, 'Admin Add Level', 'Admin Portal', 'Admin Portal', 1, 37, '2025-02-28 08:53:22', '2025-02-28 08:53:22'),
(39, 'Admin Edit Level', 'Admin Portal', 'Admin Portal', 1, 37, '2025-02-28 08:53:22', '2025-02-28 08:53:22'),
(40, 'Admin Units', 'Admin Portal', 'Admin Portal', 1, NULL, '2025-02-28 08:53:22', '2025-02-28 08:53:22'),
(41, 'Admin Add Unit', 'Admin Portal', 'Admin Portal', 1, 40, '2025-02-28 08:53:22', '2025-02-28 08:53:22'),
(42, 'Admin Edit Unit', 'Admin Portal', 'Admin Portal', 1, 40, '2025-02-28 08:53:22', '2025-02-28 08:53:22'),
(43, 'Dropdowns', 'Admin Portal', 'Admin Portal', 1, NULL, '2025-02-28 08:53:22', '2025-02-28 08:53:22'),
(44, 'Add Dropdown Type', 'Admin Portal', 'Admin Portal', 1, 43, '2025-02-28 08:53:22', '2025-02-28 08:53:22'),
(45, 'Edit Dropdown Type', 'Admin Portal', 'Admin Portal', 1, 43, '2025-02-28 08:53:22', '2025-02-28 08:53:22'),
(46, 'Add Dropdown Value', 'Admin Portal', 'Admin Portal', 1, 43, '2025-02-28 08:53:22', '2025-02-28 08:53:22'),
(47, 'Edit Dropdown Value', 'Admin Portal', 'Admin Portal', 1, 43, '2025-02-28 08:53:22', '2025-02-28 08:53:22'),
(48, 'Owner Dashboard', 'Owner Portal', 'Owner Portal', 1, NULL, '2025-02-28 08:53:22', '2025-02-28 08:53:22'),
(49, 'Dashboard Stats', 'Owner Portal', 'Owner Portal', 1, 48, '2025-02-28 08:53:22', '2025-02-28 08:53:22'),
(50, 'Finance Stats', 'Owner Portal', 'Owner Portal', 1, 48, '2025-02-28 08:53:22', '2025-02-28 08:53:22'),
(51, 'Unit Occupancy Chart', 'Owner Portal', 'Owner Portal', 1, 48, '2025-02-28 08:53:22', '2025-02-28 08:53:22'),
(52, 'Membership Subscriptions Chart', 'Owner Portal', 'Owner Portal', 1, 48, '2025-02-28 08:53:22', '2025-02-28 08:53:22'),
(53, 'Unit Status Chart', 'Owner Portal', 'Owner Portal', 1, 48, '2025-02-28 08:53:22', '2025-02-28 08:53:22'),
(54, 'Staff Distribution Chart', 'Owner Portal', 'Owner Portal', 1, 48, '2025-02-28 08:53:22', '2025-02-28 08:53:22'),
(55, 'Income & Expense Chart', 'Owner Portal', 'Owner Portal', 1, 48, '2025-02-28 08:53:22', '2025-02-28 08:53:22'),
(56, 'Membership Distribution Chart', 'Owner Portal', 'Owner Portal', 1, 48, '2025-02-28 08:53:22', '2025-02-28 08:53:22'),
(57, 'Organization Profile', 'Owner Portal', 'Owner Portal', 1, NULL, '2025-02-28 08:53:22', '2025-02-28 08:53:22'),
(58, 'Update Profile', 'Owner Portal', 'Owner Portal', 1, 57, '2025-02-28 08:53:22', '2025-07-13 06:21:07'),
(59, 'Update Plan', 'Owner Portal', 'Owner Portal', 1, 57, '2025-02-28 08:53:22', '2025-07-13 06:21:07'),
(60, 'Change Online Payment Status', 'Owner Portal', 'Owner Portal', 1, 57, '2025-02-28 08:53:22', '2025-02-28 08:53:22'),
(61, 'Buildings', 'Owner Portal', 'Owner Portal', 1, NULL, '2025-02-28 08:53:22', '2025-02-28 08:53:22'),
(62, 'Add Building', 'Owner Portal', 'Owner Portal', 1, 61, '2025-02-28 08:53:22', '2025-02-28 08:53:22'),
(63, 'Edit Building', 'Owner Portal', 'Owner Portal', 1, 61, '2025-02-28 08:53:22', '2025-02-28 08:53:22'),
(64, 'View Building Details', 'Owner Portal', 'Owner Portal', 1, 61, '2025-02-28 08:53:22', '2025-02-28 08:53:22'),
(65, 'Building Tree', 'Owner Portal', 'Owner Portal', 1, 61, '2025-02-28 08:53:22', '2025-02-28 08:53:22'),
(66, 'Submit Building', 'Owner Portal', 'Owner Portal', 1, 61, '2025-02-28 08:53:22', '2025-02-28 08:53:22'),
(67, 'Remind Admin', 'Owner Portal', 'Owner Portal', 1, 61, '2025-02-28 08:53:22', '2025-02-28 08:53:22'),
(68, 'Levels', 'Owner Portal', 'Owner Portal', 1, NULL, '2025-02-28 08:53:22', '2025-02-28 08:53:22'),
(69, 'Add Level', 'Owner Portal', 'Owner Portal', 1, 68, '2025-02-28 08:53:22', '2025-02-28 08:53:22'),
(70, 'Edit Level', 'Owner Portal', 'Owner Portal', 1, 68, '2025-02-28 08:53:22', '2025-02-28 08:53:22'),
(71, 'Units', 'Owner Portal', 'Owner Portal', 1, NULL, '2025-02-28 08:53:22', '2025-02-28 08:53:22'),
(72, 'Add Unit', 'Owner Portal', 'Owner Portal', 1, 71, '2025-02-28 08:53:22', '2025-02-28 08:53:22'),
(73, 'Edit Unit', 'Owner Portal', 'Owner Portal', 1, 71, '2025-02-28 08:53:22', '2025-02-28 08:53:22'),
(74, 'View Unit Details', 'Owner Portal', 'Owner Portal', 1, 71, '2025-02-28 08:53:22', '2025-02-28 08:53:22'),
(75, 'Property Users', 'Owner Portal', 'Owner Portal', 1, NULL, '2025-02-28 08:53:22', '2025-02-28 08:53:22'),
(76, 'Edit Property User', 'Owner Portal', 'Owner Portal', 1, 75, '2025-02-28 08:53:22', '2025-02-28 08:53:22'),
(77, 'View Details', 'Owner Portal', 'Owner Portal', 1, 75, '2025-02-28 08:53:22', '2025-02-28 08:53:22'),
(78, 'Update Contract', 'Owner Portal', 'Owner Portal', 1, 75, '2025-02-28 08:53:22', '2025-02-28 08:53:22'),
(79, 'Update Renew Status', 'Owner Portal', 'Owner Portal', 1, 75, '2025-02-28 08:53:22', '2025-02-28 08:53:22'),
(80, 'Record Rental Payment', 'Owner Portal', 'Owner Portal', 1, 75, '2025-02-28 08:53:22', '2025-02-28 08:53:22'),
(81, 'Assign Unit', 'Owner Portal', 'Owner Portal', 1, 75, '2025-02-28 08:53:22', '2025-02-28 08:53:22'),
(82, 'Departments', 'Owner Portal', 'Owner Portal', 1, NULL, '2025-02-28 08:53:22', '2025-02-28 08:53:22'),
(83, 'Add Department', 'Owner Portal', 'Owner Portal', 1, 82, '2025-02-28 08:53:22', '2025-02-28 08:53:22'),
(84, 'Edit Department', 'Owner Portal', 'Owner Portal', 1, 82, '2025-02-28 08:53:22', '2025-02-28 08:53:22'),
(85, 'Delete Department', 'Owner Portal', 'Owner Portal', 1, 82, '2025-02-28 08:53:22', '2025-02-28 08:53:22'),
(86, 'View Department Details', 'Owner Portal', 'Owner Portal', 1, 82, '2025-02-28 08:53:22', '2025-02-28 08:53:22'),
(87, 'Staff', 'Owner Portal', 'Owner Portal', 1, NULL, '2025-02-28 08:53:22', '2025-02-28 08:53:22'),
(88, 'Add Staff', 'Owner Portal', 'Owner Portal', 1, 87, '2025-02-28 08:53:22', '2025-02-28 08:53:22'),
(89, 'Edit Staff', 'Owner Portal', 'Owner Portal', 1, 87, '2025-02-28 08:53:22', '2025-02-28 08:53:22'),
(90, 'Delete Staff', 'Owner Portal', 'Owner Portal', 1, 87, '2025-02-28 08:53:22', '2025-02-28 08:53:22'),
(91, 'Promote Staff', 'Owner Portal', 'Owner Portal', 1, 87, '2025-02-28 08:53:22', '2025-07-13 07:45:59'),
(92, 'View Staff Details', 'Owner Portal', 'Owner Portal', 1, 87, '2025-02-28 08:53:22', '2025-07-13 07:45:59'),
(93, 'Managers', 'Owner Portal', 'Owner Portal', 1, NULL, '2025-02-28 08:53:22', '2025-07-13 07:48:22'),
(94, 'Add Manager', 'Owner Portal', 'Owner Portal', 1, 93, '2025-02-28 08:53:22', '2025-02-28 08:53:22'),
(95, 'Edit Manager', 'Owner Portal', 'Owner Portal', 1, 93, '2025-02-28 08:53:22', '2025-02-28 08:53:22'),
(96, 'Delete Manager', 'Owner Portal', 'Owner Portal', 1, 93, '2025-02-28 08:53:22', '2025-02-28 08:53:22'),
(97, 'Demote Manager', 'Owner Portal', 'Owner Portal', 1, 93, '2025-02-28 08:53:22', '2025-02-28 08:53:22'),
(98, 'View Manager Details', 'Owner Portal', 'Owner Portal', 1, 93, '2025-02-28 08:53:22', '2025-02-28 08:53:22'),
(99, 'Memberships', 'Owner Portal', 'Owner Portal', 1, NULL, '2025-02-28 08:53:22', '2025-02-28 08:53:22'),
(100, 'Add Membership', 'Owner Portal', 'Owner Portal', 1, 99, '2025-02-28 08:53:22', '2025-02-28 08:53:22'),
(101, 'Edit Membership', 'Owner Portal', 'Owner Portal', 1, 99, '2025-02-28 08:53:22', '2025-02-28 08:53:22'),
(102, 'Assign Membership', 'Owner Portal', 'Owner Portal', 1, 99, '2025-02-28 08:53:22', '2025-02-28 08:53:22'),
(103, 'Featured Membership', 'Owner Portal', 'Owner Portal', 1, 99, '2025-02-28 08:53:22', '2025-02-28 08:53:22'),
(104, 'View Membership Details', 'Owner Portal', 'Owner Portal', 1, 99, '2025-02-28 08:53:22', '2025-02-28 08:53:22'),
(105, 'Record Membership Payment', 'Owner Portal', 'Owner Portal', 1, 99, '2025-02-28 08:53:22', '2025-02-28 08:53:22'),
(106, 'Finance', 'Owner Portal', 'Owner Portal', 1, NULL, '2025-02-28 08:53:22', '2025-02-28 08:53:22'),
(107, 'View Transaction Details', 'Owner Portal', 'Owner Portal', 1, 106, '2025-02-28 08:53:22', '2025-02-28 08:53:22'),
(108, 'Reports', 'Owner Portal', 'Owner Portal', 1, NULL, '2025-02-28 08:53:22', '2025-07-13 08:40:21'),
(109, 'Building Report', 'Owner Portal', 'Owner Portal', 1, 108, '2025-02-28 08:53:22', '2025-07-13 08:40:21'),
(110, 'Unit Report', 'Owner Portal', 'Owner Portal', 1, 108, '2025-02-28 08:53:22', '2025-07-13 08:40:21'),
(111, 'Staff Queries', 'Staff Application', 'Staff Application', 1, NULL, '2025-02-28 08:53:22', '2025-02-28 08:53:22'),
(112, 'Accept Queries', 'Staff Application', 'Staff Application', 1, 111, '2025-02-28 08:53:22', '2025-02-28 08:53:22'),
(113, 'Reject Queries', 'Staff Application', 'Staff Application', 1, 111, '2025-02-28 08:53:22', '2025-02-28 08:53:22'),
(114, 'Close Queries', 'Staff Application', 'Staff Application', 1, 111, '2025-02-28 08:53:22', '2025-02-28 08:53:22'),
(115, 'Queries Analytics', 'Staff Application', 'Staff Application', 1, NULL, '2025-02-28 08:53:22', '2025-02-28 08:53:22'),
(116, 'User Homepage', 'User Application', 'User Application', 1, NULL, '2025-02-28 08:53:22', '2025-02-28 08:53:22'),
(117, 'Favorites', 'User Application', 'User Application', 1, NULL, '2025-02-28 08:53:22', '2025-02-28 08:53:22'),
(118, 'Add Favorites', 'User Application', 'User Application', 1, 117, '2025-02-28 08:53:22', '2025-07-13 08:17:00'),
(119, 'Remove Favorites', 'User Application', 'User Application', 1, 117, '2025-02-28 08:53:22', '2025-07-13 08:17:00'),
(120, 'Log Queries', 'User Application', 'User Application', 1, NULL, '2025-02-28 08:53:22', '2025-02-28 08:53:22'),
(121, 'User Queries', 'User Application', 'User Application', 1, 120, '2025-02-28 08:53:22', '2025-07-13 08:17:00'),
(122, 'Promotions', 'User Application', 'User Application', 1, NULL, '2025-02-28 08:53:22', '2025-02-28 08:53:22'),
(123, 'Show My Properties', 'User Application', 'User Application', 1, NULL, '2025-02-28 08:53:22', '2025-02-28 08:53:22');



INSERT INTO `rolepermissions` (`id`, `role_id`, `permission_id`, `status`, `granted_by`, `created_at`, `updated_at`) VALUES
(1, 1, 1, 1, 1, '2025-07-13 08:30:09', '2025-07-13 08:30:09'),
(2, 1, 2, 1, 1, '2025-07-13 08:30:09', '2025-07-13 08:30:09'),
(3, 1, 3, 1, 1, '2025-07-13 08:30:09', '2025-07-13 04:43:13'),
(4, 1, 4, 1, 1, '2025-07-13 08:30:09', '2025-07-13 04:43:13'),
(5, 1, 5, 1, 1, '2025-07-13 08:30:09', '2025-07-13 08:30:09'),
(6, 1, 6, 1, 1, '2025-07-13 08:30:09', '2025-07-13 08:30:09'),
(7, 1, 7, 1, 1, '2025-07-13 08:30:09', '2025-07-13 08:30:09'),
(8, 1, 8, 1, 1, '2025-07-13 08:30:09', '2025-07-13 08:30:09'),
(9, 1, 9, 1, 1, '2025-07-13 08:30:09', '2025-07-13 08:30:09'),
(10, 1, 10, 1, 1, '2025-07-13 08:30:09', '2025-07-13 08:30:09'),
(11, 1, 11, 1, 1, '2025-07-13 08:30:09', '2025-07-13 08:30:09'),
(12, 1, 12, 1, 1, '2025-07-13 08:30:09', '2025-07-13 08:30:09'),
(13, 1, 13, 1, 1, '2025-07-13 08:30:09', '2025-07-13 08:30:09'),
(14, 1, 14, 1, 1, '2025-07-13 08:30:09', '2025-07-13 08:30:09'),
(15, 1, 15, 1, 1, '2025-07-13 08:30:09', '2025-07-13 08:30:09'),
(16, 1, 16, 1, 1, '2025-07-13 08:30:09', '2025-07-13 08:30:09'),
(17, 1, 17, 1, 1, '2025-07-13 08:30:09', '2025-07-13 04:40:07'),
(18, 1, 18, 1, 1, '2025-07-13 08:30:09', '2025-07-13 04:40:17'),
(19, 1, 19, 1, 1, '2025-07-13 08:30:09', '2025-07-13 04:40:18'),
(20, 1, 20, 1, 1, '2025-07-13 08:30:09', '2025-07-13 04:40:19'),
(21, 1, 21, 1, 1, '2025-07-13 08:30:09', '2025-07-13 04:40:21'),
(22, 1, 22, 1, 1, '2025-07-13 08:30:09', '2025-07-13 08:30:09'),
(23, 1, 23, 1, 1, '2025-07-13 08:30:09', '2025-07-13 08:30:09'),
(24, 1, 24, 1, 1, '2025-07-13 08:30:09', '2025-07-13 08:30:09'),
(25, 1, 25, 1, 1, '2025-07-13 08:30:09', '2025-07-13 08:30:09'),
(26, 1, 26, 1, 1, '2025-07-13 08:30:09', '2025-07-13 08:30:09'),
(27, 1, 27, 1, 1, '2025-07-13 08:30:09', '2025-07-13 08:30:09'),
(28, 1, 28, 1, 1, '2025-07-13 08:30:09', '2025-07-13 08:30:09'),
(29, 1, 29, 1, 1, '2025-07-13 08:30:09', '2025-07-13 08:30:09'),
(30, 1, 30, 1, 1, '2025-07-13 08:30:09', '2025-07-13 08:30:09'),
(31, 1, 31, 1, 1, '2025-07-13 08:30:09', '2025-07-13 08:30:09'),
(32, 1, 32, 1, 1, '2025-07-13 08:30:09', '2025-07-13 08:30:09'),
(33, 1, 33, 1, 1, '2025-07-13 08:30:09', '2025-07-13 08:30:09'),
(34, 1, 34, 1, 1, '2025-07-13 08:30:09', '2025-07-13 08:30:09'),
(35, 1, 35, 1, 1, '2025-07-13 08:30:09', '2025-07-13 08:30:09'),
(36, 1, 36, 1, 1, '2025-07-13 08:30:09', '2025-07-13 08:30:09'),
(37, 1, 37, 1, 1, '2025-07-13 08:30:09', '2025-07-13 08:30:09'),
(38, 1, 38, 1, 1, '2025-07-13 08:30:09', '2025-07-13 08:30:09'),
(39, 1, 39, 1, 1, '2025-07-13 08:30:09', '2025-07-13 08:30:09'),
(40, 1, 40, 1, 1, '2025-07-13 08:30:09', '2025-07-13 08:30:09'),
(41, 1, 41, 1, 1, '2025-07-13 08:30:09', '2025-07-13 08:30:09'),
(42, 1, 42, 1, 1, '2025-07-13 08:30:09', '2025-07-13 08:30:09'),
(43, 1, 43, 1, 1, '2025-07-13 08:30:09', '2025-07-13 08:30:09'),
(44, 1, 44, 1, 1, '2025-07-13 08:30:09', '2025-07-13 08:30:09'),
(45, 1, 45, 1, 1, '2025-07-13 08:30:09', '2025-07-13 08:30:09'),
(46, 1, 46, 1, 1, '2025-07-13 08:30:09', '2025-07-13 08:30:09'),
(47, 1, 47, 1, 1, '2025-07-13 08:30:09', '2025-07-13 08:30:09'),
(48, 1, 48, 1, 1, '2025-07-13 08:30:09', '2025-07-13 08:30:09'),
(49, 1, 49, 1, 1, '2025-07-13 08:30:09', '2025-07-13 08:30:09'),
(50, 1, 50, 1, 1, '2025-07-13 08:30:09', '2025-07-13 08:30:09'),
(51, 1, 51, 1, 1, '2025-07-13 08:30:09', '2025-07-13 08:30:09'),
(52, 1, 52, 1, 1, '2025-07-13 08:30:09', '2025-07-13 08:30:09'),
(53, 1, 53, 1, 1, '2025-07-13 08:30:09', '2025-07-13 08:30:09'),
(54, 1, 54, 1, 1, '2025-07-13 08:30:09', '2025-07-13 08:30:09'),
(55, 1, 55, 1, 1, '2025-07-13 08:30:09', '2025-07-13 08:30:09'),
(56, 1, 56, 1, 1, '2025-07-13 08:30:09', '2025-07-13 08:30:09'),
(57, 1, 57, 1, 1, '2025-07-13 08:30:09', '2025-07-13 08:30:09'),
(58, 1, 58, 1, 1, '2025-07-13 08:30:09', '2025-07-13 08:30:09'),
(59, 1, 59, 1, 1, '2025-07-13 08:30:09', '2025-07-13 08:30:09'),
(60, 1, 60, 1, 1, '2025-07-13 08:30:09', '2025-07-13 08:30:09'),
(61, 1, 61, 1, 1, '2025-07-13 08:30:09', '2025-07-13 08:30:09'),
(62, 1, 62, 1, 1, '2025-07-13 08:30:09', '2025-07-13 08:30:09'),
(63, 1, 63, 1, 1, '2025-07-13 08:30:09', '2025-07-13 08:30:09'),
(64, 1, 64, 1, 1, '2025-07-13 08:30:09', '2025-07-13 08:30:09'),
(65, 1, 65, 1, 1, '2025-07-13 08:30:09', '2025-07-13 08:30:09'),
(66, 1, 66, 1, 1, '2025-07-13 08:30:09', '2025-07-13 08:30:09'),
(67, 1, 67, 1, 1, '2025-07-13 08:30:09', '2025-07-13 08:30:09'),
(68, 1, 68, 1, 1, '2025-07-13 08:30:09', '2025-07-13 08:30:09'),
(69, 1, 69, 1, 1, '2025-07-13 08:30:09', '2025-07-13 08:30:09'),
(70, 1, 70, 1, 1, '2025-07-13 08:30:09', '2025-07-13 08:30:09'),
(71, 1, 71, 1, 1, '2025-07-13 08:30:09', '2025-07-13 08:30:09'),
(72, 1, 72, 1, 1, '2025-07-13 08:30:09', '2025-07-13 08:30:09'),
(73, 1, 73, 1, 1, '2025-07-13 08:30:09', '2025-07-13 08:30:09'),
(74, 1, 74, 1, 1, '2025-07-13 08:30:09', '2025-07-13 08:30:09'),
(75, 1, 75, 1, 1, '2025-07-13 08:30:09', '2025-07-13 08:30:09'),
(76, 1, 76, 1, 1, '2025-07-13 08:30:09', '2025-07-13 08:30:09'),
(77, 1, 77, 1, 1, '2025-07-13 08:30:09', '2025-07-13 08:30:09'),
(78, 1, 78, 1, 1, '2025-07-13 08:30:09', '2025-07-13 08:30:09'),
(79, 1, 79, 1, 1, '2025-07-13 08:30:09', '2025-07-13 08:30:09'),
(80, 1, 80, 1, 1, '2025-07-13 08:30:09', '2025-07-13 08:30:09'),
(81, 1, 81, 1, 1, '2025-07-13 08:30:09', '2025-07-13 08:30:09'),
(82, 1, 82, 1, 1, '2025-07-13 08:30:09', '2025-07-13 08:30:09'),
(83, 1, 83, 1, 1, '2025-07-13 08:30:09', '2025-07-13 08:30:09'),
(84, 1, 84, 1, 1, '2025-07-13 08:30:09', '2025-07-13 08:30:09'),
(85, 1, 85, 1, 1, '2025-07-13 08:30:09', '2025-07-13 08:30:09'),
(86, 1, 86, 1, 1, '2025-07-13 08:30:09', '2025-07-13 08:30:09'),
(87, 1, 87, 1, 1, '2025-07-13 08:30:09', '2025-07-13 08:30:09'),
(88, 1, 88, 1, 1, '2025-07-13 08:30:09', '2025-07-13 08:30:09'),
(89, 1, 89, 1, 1, '2025-07-13 08:30:09', '2025-07-13 08:30:09'),
(90, 1, 90, 1, 1, '2025-07-13 08:30:09', '2025-07-13 08:30:09'),
(91, 1, 91, 1, 1, '2025-07-13 08:30:09', '2025-07-13 08:30:09'),
(92, 1, 92, 1, 1, '2025-07-13 08:30:09', '2025-07-13 08:30:09'),
(93, 1, 93, 1, 1, '2025-07-13 08:30:09', '2025-07-13 08:30:09'),
(94, 1, 94, 1, 1, '2025-07-13 08:30:09', '2025-07-13 08:30:09'),
(95, 1, 95, 1, 1, '2025-07-13 08:30:09', '2025-07-13 08:30:09'),
(96, 1, 96, 1, 1, '2025-07-13 08:30:09', '2025-07-13 08:30:09'),
(97, 1, 97, 1, 1, '2025-07-13 08:30:09', '2025-07-13 08:30:09'),
(98, 1, 98, 1, 1, '2025-07-13 08:30:09', '2025-07-13 08:30:09'),
(99, 1, 99, 1, 1, '2025-07-13 08:30:09', '2025-07-13 08:30:09'),
(100, 1, 100, 1, 1, '2025-07-13 08:30:09', '2025-07-13 08:30:09'),
(101, 1, 101, 1, 1, '2025-07-13 08:30:09', '2025-07-13 08:30:09'),
(102, 1, 102, 1, 1, '2025-07-13 08:30:09', '2025-07-13 08:30:09'),
(103, 1, 103, 1, 1, '2025-07-13 08:30:09', '2025-07-13 08:30:09'),
(104, 1, 104, 1, 1, '2025-07-13 08:30:09', '2025-07-13 08:30:09'),
(105, 1, 105, 1, 1, '2025-07-13 08:30:09', '2025-07-13 08:30:09'),
(106, 1, 106, 1, 1, '2025-07-13 08:30:09', '2025-07-13 08:30:09'),
(107, 1, 107, 1, 1, '2025-07-13 08:30:09', '2025-07-13 08:30:09'),
(108, 1, 108, 1, 1, '2025-07-13 08:30:09', '2025-07-13 08:30:09'),
(109, 1, 109, 1, 1, '2025-07-13 08:30:09', '2025-07-13 08:30:09'),
(110, 1, 110, 1, 1, '2025-07-13 08:30:09', '2025-07-13 08:30:09'),
(111, 1, 111, 1, 1, '2025-07-13 08:30:09', '2025-07-13 08:30:09'),
(112, 1, 112, 1, 1, '2025-07-13 08:30:09', '2025-07-13 08:30:09'),
(113, 1, 113, 1, 1, '2025-07-13 08:30:09', '2025-07-13 08:30:09'),
(114, 1, 114, 1, 1, '2025-07-13 08:30:09', '2025-07-13 08:30:09'),
(115, 1, 115, 1, 1, '2025-07-13 08:30:09', '2025-07-13 08:30:09'),
(116, 1, 116, 1, 1, '2025-07-13 08:30:09', '2025-07-13 08:30:09'),
(117, 1, 117, 1, 1, '2025-07-13 08:30:09', '2025-07-13 08:30:09'),
(118, 1, 118, 1, 1, '2025-07-13 08:30:09', '2025-07-13 08:30:09'),
(119, 1, 119, 1, 1, '2025-07-13 08:30:09', '2025-07-13 08:30:09'),
(120, 1, 120, 1, 1, '2025-07-13 08:30:09', '2025-07-13 08:30:09'),
(121, 1, 121, 1, 1, '2025-07-13 08:30:09', '2025-07-13 08:30:09'),
(122, 1, 122, 1, 1, '2025-07-13 08:30:09', '2025-07-13 08:30:09'),
(123, 1, 123, 1, 1, '2025-07-13 08:30:09', '2025-07-13 08:30:09'),
(124, 2, 48, 1, 1, '2025-07-13 08:32:57', '2025-07-13 08:32:57'),
(125, 2, 49, 1, 1, '2025-07-13 08:32:57', '2025-07-13 08:32:57'),
(126, 2, 50, 1, 1, '2025-07-13 08:32:57', '2025-07-13 08:32:57'),
(127, 2, 51, 1, 1, '2025-07-13 08:32:57', '2025-07-13 08:32:57'),
(128, 2, 52, 1, 1, '2025-07-13 08:32:57', '2025-07-13 08:32:57'),
(129, 2, 53, 1, 1, '2025-07-13 08:32:57', '2025-07-13 08:32:57'),
(130, 2, 54, 1, 1, '2025-07-13 08:32:57', '2025-07-13 08:32:57'),
(131, 2, 55, 1, 1, '2025-07-13 08:32:57', '2025-07-13 08:32:57'),
(132, 2, 56, 1, 1, '2025-07-13 08:32:57', '2025-07-13 08:32:57'),
(133, 2, 57, 1, 1, '2025-07-13 08:32:57', '2025-07-13 08:32:57'),
(134, 2, 58, 1, 1, '2025-07-13 08:32:57', '2025-07-13 08:32:57'),
(135, 2, 59, 1, 1, '2025-07-13 08:32:57', '2025-07-13 08:32:57'),
(136, 2, 60, 1, 1, '2025-07-13 08:32:57', '2025-07-13 08:32:57'),
(137, 2, 61, 1, 1, '2025-07-13 08:32:57', '2025-07-13 08:32:57'),
(138, 2, 62, 1, 1, '2025-07-13 08:32:57', '2025-07-13 08:32:57'),
(139, 2, 63, 1, 1, '2025-07-13 08:32:57', '2025-07-13 08:32:57'),
(140, 2, 64, 1, 1, '2025-07-13 08:32:57', '2025-07-13 08:32:57'),
(141, 2, 65, 1, 1, '2025-07-13 08:32:57', '2025-07-13 08:32:57'),
(142, 2, 66, 1, 1, '2025-07-13 08:32:57', '2025-07-13 08:32:57'),
(143, 2, 67, 1, 1, '2025-07-13 08:32:57', '2025-07-13 08:32:57'),
(144, 2, 68, 1, 1, '2025-07-13 08:32:57', '2025-07-13 08:32:57'),
(145, 2, 69, 1, 1, '2025-07-13 08:32:57', '2025-07-13 08:32:57'),
(146, 2, 70, 1, 1, '2025-07-13 08:32:57', '2025-07-13 08:32:57'),
(147, 2, 71, 1, 1, '2025-07-13 08:32:57', '2025-07-13 08:32:57'),
(148, 2, 72, 1, 1, '2025-07-13 08:32:57', '2025-07-13 08:32:57'),
(149, 2, 73, 1, 1, '2025-07-13 08:32:57', '2025-07-13 08:32:57'),
(150, 2, 74, 1, 1, '2025-07-13 08:32:57', '2025-07-13 08:32:57'),
(151, 2, 75, 1, 1, '2025-07-13 08:32:57', '2025-07-13 08:32:57'),
(152, 2, 76, 1, 1, '2025-07-13 08:32:57', '2025-07-13 08:32:57'),
(153, 2, 77, 1, 1, '2025-07-13 08:32:57', '2025-07-13 08:32:57'),
(154, 2, 78, 1, 1, '2025-07-13 08:32:57', '2025-07-13 08:32:57'),
(155, 2, 79, 1, 1, '2025-07-13 08:32:57', '2025-07-13 08:32:57'),
(156, 2, 80, 1, 1, '2025-07-13 08:32:57', '2025-07-13 08:32:57'),
(157, 2, 81, 1, 1, '2025-07-13 08:32:57', '2025-07-13 08:32:57'),
(158, 2, 82, 1, 1, '2025-07-13 08:32:57', '2025-07-13 08:32:57'),
(159, 2, 83, 1, 1, '2025-07-13 08:32:57', '2025-07-13 08:32:57'),
(160, 2, 84, 1, 1, '2025-07-13 08:32:57', '2025-07-13 08:32:57'),
(161, 2, 85, 1, 1, '2025-07-13 08:32:57', '2025-07-13 08:32:57'),
(162, 2, 86, 1, 1, '2025-07-13 08:32:57', '2025-07-13 08:32:57'),
(163, 2, 87, 1, 1, '2025-07-13 08:32:57', '2025-07-13 08:32:57'),
(164, 2, 88, 1, 1, '2025-07-13 08:32:57', '2025-07-13 08:32:57'),
(165, 2, 89, 1, 1, '2025-07-13 08:32:57', '2025-07-13 08:32:57'),
(166, 2, 90, 1, 1, '2025-07-13 08:32:57', '2025-07-13 08:32:57'),
(167, 2, 91, 1, 1, '2025-07-13 08:32:57', '2025-07-13 08:32:57'),
(168, 2, 92, 1, 1, '2025-07-13 08:32:57', '2025-07-13 08:32:57'),
(169, 2, 93, 1, 1, '2025-07-13 08:32:57', '2025-07-13 08:32:57'),
(170, 2, 94, 1, 1, '2025-07-13 08:32:57', '2025-07-13 08:32:57'),
(171, 2, 95, 1, 1, '2025-07-13 08:32:57', '2025-07-13 08:32:57'),
(172, 2, 96, 1, 1, '2025-07-13 08:32:57', '2025-07-13 08:32:57'),
(173, 2, 97, 1, 1, '2025-07-13 08:32:57', '2025-07-13 08:32:57'),
(174, 2, 98, 1, 1, '2025-07-13 08:32:57', '2025-07-13 08:32:57'),
(175, 2, 99, 1, 1, '2025-07-13 08:32:57', '2025-07-13 08:32:57'),
(176, 2, 100, 1, 1, '2025-07-13 08:32:57', '2025-07-13 08:32:57'),
(177, 2, 101, 1, 1, '2025-07-13 08:32:57', '2025-07-13 08:32:57'),
(178, 2, 102, 1, 1, '2025-07-13 08:32:57', '2025-07-13 08:32:57'),
(179, 2, 103, 1, 1, '2025-07-13 08:32:57', '2025-07-13 08:32:57'),
(180, 2, 104, 1, 1, '2025-07-13 08:32:57', '2025-07-13 08:32:57'),
(181, 2, 105, 1, 1, '2025-07-13 08:32:57', '2025-07-13 08:32:57'),
(182, 2, 106, 1, 1, '2025-07-13 08:32:57', '2025-07-13 08:32:57'),
(183, 2, 107, 1, 1, '2025-07-13 08:32:57', '2025-07-13 08:32:57'),
(184, 2, 108, 1, 1, '2025-07-13 08:32:57', '2025-07-13 08:32:57'),
(185, 2, 109, 1, 1, '2025-07-13 08:32:57', '2025-07-13 08:32:57'),
(186, 2, 110, 1, 1, '2025-07-13 08:32:57', '2025-07-13 08:32:57'),
(187, 2, 111, 1, 1, '2025-07-13 08:32:57', '2025-07-13 08:32:57'),
(188, 2, 112, 1, 1, '2025-07-13 08:32:57', '2025-07-13 08:32:57'),
(189, 2, 113, 1, 1, '2025-07-13 08:32:57', '2025-07-13 08:32:57'),
(190, 2, 114, 1, 1, '2025-07-13 08:32:57', '2025-07-13 08:32:57'),
(191, 2, 115, 1, 1, '2025-07-13 08:32:57', '2025-07-13 08:32:57'),
(192, 2, 116, 1, 1, '2025-07-13 08:32:57', '2025-07-13 08:32:57'),
(193, 2, 117, 1, 1, '2025-07-13 08:32:57', '2025-07-13 08:32:57'),
(194, 2, 118, 1, 1, '2025-07-13 08:32:57', '2025-07-13 08:32:57'),
(195, 2, 119, 1, 1, '2025-07-13 08:32:57', '2025-07-13 08:32:57'),
(196, 2, 120, 1, 1, '2025-07-13 08:32:57', '2025-07-13 08:32:57'),
(197, 2, 121, 1, 1, '2025-07-13 08:32:57', '2025-07-13 08:32:57'),
(198, 2, 122, 1, 1, '2025-07-13 08:32:57', '2025-07-13 08:32:57'),
(199, 2, 123, 1, 1, '2025-07-13 08:32:57', '2025-07-13 08:32:57'),
(200, 3, 48, 1, 1, '2025-07-13 08:35:49', '2025-07-13 08:35:49'),
(201, 3, 49, 1, 1, '2025-07-13 08:35:49', '2025-07-13 08:35:49'),
(202, 3, 50, 1, 1, '2025-07-13 08:35:49', '2025-07-13 08:35:49'),
(203, 3, 51, 1, 1, '2025-07-13 08:35:49', '2025-07-13 08:35:49'),
(204, 3, 52, 1, 1, '2025-07-13 08:35:49', '2025-07-13 08:35:49'),
(205, 3, 53, 1, 1, '2025-07-13 08:35:49', '2025-07-13 08:35:49'),
(206, 3, 54, 1, 1, '2025-07-13 08:35:49', '2025-07-13 08:35:49'),
(207, 3, 55, 1, 1, '2025-07-13 08:35:49', '2025-07-13 08:35:49'),
(208, 3, 56, 1, 1, '2025-07-13 08:35:49', '2025-07-13 08:35:49'),
(209, 3, 61, 1, 1, '2025-07-13 08:35:49', '2025-07-13 08:35:49'),
(211, 3, 63, 1, 1, '2025-07-13 08:35:49', '2025-07-13 08:35:49'),
(212, 3, 64, 1, 1, '2025-07-13 08:35:49', '2025-07-13 08:35:49'),
(213, 3, 65, 1, 1, '2025-07-13 08:35:49', '2025-07-13 08:35:49'),
(214, 3, 66, 1, 1, '2025-07-13 08:35:49', '2025-07-13 08:35:49'),
(215, 3, 67, 1, 1, '2025-07-13 08:35:49', '2025-07-13 08:35:49'),
(216, 3, 68, 1, 1, '2025-07-13 08:35:49', '2025-07-13 08:35:49'),
(217, 3, 69, 1, 1, '2025-07-13 08:35:49', '2025-07-13 08:35:49'),
(218, 3, 70, 1, 1, '2025-07-13 08:35:49', '2025-07-13 08:35:49'),
(219, 3, 71, 1, 1, '2025-07-13 08:35:49', '2025-07-13 08:35:49'),
(220, 3, 72, 1, 1, '2025-07-13 08:35:49', '2025-07-13 08:35:49'),
(221, 3, 73, 1, 1, '2025-07-13 08:35:49', '2025-07-13 08:35:49'),
(222, 3, 74, 1, 1, '2025-07-13 08:35:49', '2025-07-13 08:35:49'),
(223, 3, 75, 1, 1, '2025-07-13 08:35:49', '2025-07-13 08:35:49'),
(224, 3, 76, 1, 1, '2025-07-13 08:35:49', '2025-07-13 08:35:49'),
(225, 3, 77, 1, 1, '2025-07-13 08:35:49', '2025-07-13 08:35:49'),
(226, 3, 78, 1, 1, '2025-07-13 08:35:49', '2025-07-13 08:35:49'),
(227, 3, 79, 1, 1, '2025-07-13 08:35:49', '2025-07-13 08:35:49'),
(228, 3, 80, 1, 1, '2025-07-13 08:35:49', '2025-07-13 08:35:49'),
(229, 3, 81, 1, 1, '2025-07-13 08:35:49', '2025-07-13 08:35:49'),
(230, 3, 82, 1, 1, '2025-07-13 08:35:49', '2025-07-13 08:35:49'),
(231, 3, 83, 1, 1, '2025-07-13 08:35:49', '2025-07-13 08:35:49'),
(232, 3, 84, 1, 1, '2025-07-13 08:35:49', '2025-07-13 08:35:49'),
(233, 3, 85, 1, 1, '2025-07-13 08:35:49', '2025-07-13 08:35:49'),
(234, 3, 86, 1, 1, '2025-07-13 08:35:49', '2025-07-13 08:35:49'),
(235, 3, 87, 1, 1, '2025-07-13 08:35:49', '2025-07-13 08:35:49'),
(236, 3, 88, 1, 1, '2025-07-13 08:35:49', '2025-07-13 08:35:49'),
(237, 3, 89, 1, 1, '2025-07-13 08:35:49', '2025-07-13 08:35:49'),
(238, 3, 90, 1, 1, '2025-07-13 08:35:49', '2025-07-13 08:35:49'),
(239, 3, 92, 1, 1, '2025-07-13 08:35:49', '2025-07-13 08:35:49'),
(240, 3, 99, 1, 1, '2025-07-13 08:35:49', '2025-07-13 08:35:49'),
(241, 3, 100, 1, 1, '2025-07-13 08:35:49', '2025-07-13 08:35:49'),
(242, 3, 101, 1, 1, '2025-07-13 08:35:49', '2025-07-13 08:35:49'),
(243, 3, 102, 1, 1, '2025-07-13 08:35:49', '2025-07-13 08:35:49'),
(245, 3, 104, 1, 1, '2025-07-13 08:35:49', '2025-07-13 08:35:49'),
(246, 3, 105, 1, 1, '2025-07-13 08:35:49', '2025-07-13 08:35:49'),
(247, 3, 106, 1, 1, '2025-07-13 08:35:49', '2025-07-13 08:35:49'),
(248, 3, 107, 1, 1, '2025-07-13 08:35:49', '2025-07-13 08:35:49'),
(249, 3, 108, 1, 1, '2025-07-13 08:35:49', '2025-07-13 08:35:49'),
(250, 3, 109, 1, 1, '2025-07-13 08:35:49', '2025-07-13 08:35:49'),
(251, 3, 110, 1, 1, '2025-07-13 08:35:49', '2025-07-13 08:35:49'),
(252, 3, 111, 1, 1, '2025-07-13 08:35:49', '2025-07-13 08:35:49'),
(253, 3, 112, 1, 1, '2025-07-13 08:35:49', '2025-07-13 08:35:49'),
(254, 3, 113, 1, 1, '2025-07-13 08:35:49', '2025-07-13 08:35:49'),
(255, 3, 114, 1, 1, '2025-07-13 08:35:49', '2025-07-13 08:35:49'),
(256, 3, 115, 1, 1, '2025-07-13 08:35:49', '2025-07-13 08:35:49'),
(257, 3, 116, 1, 1, '2025-07-13 08:35:49', '2025-07-13 08:35:49'),
(258, 3, 117, 1, 1, '2025-07-13 08:35:49', '2025-07-13 08:35:49'),
(259, 3, 118, 1, 1, '2025-07-13 08:35:49', '2025-07-13 08:35:49'),
(260, 3, 119, 1, 1, '2025-07-13 08:35:49', '2025-07-13 08:35:49'),
(261, 3, 120, 1, 1, '2025-07-13 08:35:49', '2025-07-13 08:35:49'),
(262, 3, 121, 1, 1, '2025-07-13 08:35:49', '2025-07-13 08:35:49'),
(263, 3, 122, 1, 1, '2025-07-13 08:35:49', '2025-07-13 08:35:49'),
(264, 3, 123, 1, 1, '2025-07-13 08:35:49', '2025-07-13 08:35:49'),
(265, 4, 48, 0, 1, '2025-07-13 08:42:01', '2025-07-13 08:46:19'),
(266, 4, 49, 0, 1, '2025-07-13 08:42:01', '2025-07-13 03:44:09'),
(267, 4, 68, 0, 1, '2025-07-13 08:42:01', '2025-07-13 08:46:19'),
(268, 4, 69, 0, 1, '2025-07-13 08:42:01', '2025-07-13 03:44:16'),
(269, 4, 70, 0, 1, '2025-07-13 08:42:01', '2025-07-13 03:44:13'),
(270, 4, 71, 0, 1, '2025-07-13 08:42:01', '2025-07-13 08:46:19'),
(271, 4, 72, 0, 1, '2025-07-13 08:42:01', '2025-07-13 03:44:27'),
(272, 4, 73, 0, 1, '2025-07-13 08:42:01', '2025-07-13 03:44:24'),
(273, 4, 74, 0, 1, '2025-07-13 08:42:01', '2025-07-13 03:44:20'),
(274, 4, 75, 0, 1, '2025-07-13 08:42:01', '2025-07-13 08:46:19'),
(275, 4, 76, 0, 1, '2025-07-13 08:42:01', '2025-07-13 03:44:31'),
(276, 4, 77, 0, 1, '2025-07-13 08:42:01', '2025-07-13 03:44:36'),
(277, 4, 78, 0, 1, '2025-07-13 08:42:01', '2025-07-13 03:44:39'),
(278, 4, 80, 0, 1, '2025-07-13 08:42:01', '2025-07-13 03:44:42'),
(279, 4, 81, 0, 1, '2025-07-13 08:42:01', '2025-07-13 03:44:46'),
(280, 4, 82, 0, 1, '2025-07-13 08:42:01', '2025-07-13 08:46:19'),
(281, 4, 83, 0, 1, '2025-07-13 08:42:01', '2025-07-13 03:44:50'),
(282, 4, 84, 0, 1, '2025-07-13 08:42:01', '2025-07-13 03:44:54'),
(283, 4, 86, 0, 1, '2025-07-13 08:42:01', '2025-07-13 03:44:57'),
(284, 4, 87, 0, 1, '2025-07-13 08:42:01', '2025-07-13 08:46:19'),
(285, 4, 88, 0, 1, '2025-07-13 08:42:01', '2025-07-13 03:45:01'),
(286, 4, 89, 0, 1, '2025-07-13 08:42:01', '2025-07-13 03:45:04'),
(287, 4, 92, 0, 1, '2025-07-13 08:42:01', '2025-07-13 08:46:19'),
(288, 4, 99, 0, 1, '2025-07-13 08:42:01', '2025-07-13 08:46:19'),
(289, 4, 100, 0, 1, '2025-07-13 08:42:01', '2025-07-13 08:46:19'),
(290, 4, 101, 0, 1, '2025-07-13 08:42:01', '2025-07-13 08:46:19'),
(291, 4, 102, 0, 1, '2025-07-13 08:42:01', '2025-07-13 08:46:19'),
(292, 4, 104, 0, 1, '2025-07-13 08:42:01', '2025-07-13 08:46:19'),
(293, 4, 105, 0, 1, '2025-07-13 08:42:01', '2025-07-13 08:46:19'),
(294, 4, 111, 1, 1, '2025-07-13 08:42:01', '2025-07-13 08:42:01'),
(295, 4, 112, 1, 1, '2025-07-13 08:42:01', '2025-07-13 08:42:01'),
(296, 4, 113, 1, 1, '2025-07-13 08:42:01', '2025-07-13 08:42:01'),
(297, 4, 114, 1, 1, '2025-07-13 08:42:01', '2025-07-13 08:42:01'),
(298, 4, 115, 1, 1, '2025-07-13 08:42:01', '2025-07-13 08:42:01'),
(299, 4, 116, 1, 1, '2025-07-13 08:42:01', '2025-07-13 08:42:01'),
(300, 4, 117, 1, 1, '2025-07-13 08:42:01', '2025-07-13 08:42:01'),
(301, 4, 118, 1, 1, '2025-07-13 08:42:01', '2025-07-13 08:42:01'),
(302, 4, 119, 1, 1, '2025-07-13 08:42:01', '2025-07-13 08:42:01'),
(303, 4, 120, 1, 1, '2025-07-13 08:42:01', '2025-07-13 08:42:01'),
(304, 4, 121, 1, 1, '2025-07-13 08:42:01', '2025-07-13 08:42:01'),
(305, 4, 122, 1, 1, '2025-07-13 08:42:01', '2025-07-13 08:42:01'),
(306, 4, 123, 1, 1, '2025-07-13 08:42:01', '2025-07-13 08:42:01'),
(307, 5, 116, 1, 1, '2025-07-13 08:43:27', '2025-07-13 08:43:27'),
(308, 5, 117, 1, 1, '2025-07-13 08:43:27', '2025-07-13 08:43:27'),
(309, 5, 118, 1, 1, '2025-07-13 08:43:27', '2025-07-13 08:43:27'),
(310, 5, 119, 1, 1, '2025-07-13 08:43:27', '2025-07-13 08:43:27'),
(311, 5, 120, 1, 1, '2025-07-13 08:43:27', '2025-07-13 08:43:27'),
(312, 5, 121, 1, 1, '2025-07-13 08:43:27', '2025-07-13 08:43:27'),
(313, 5, 122, 1, 1, '2025-07-13 08:43:27', '2025-07-13 08:43:27'),
(314, 5, 123, 1, 1, '2025-07-13 08:43:27', '2025-07-13 08:43:27');

INSERT INTO `plans` (`id`, `name`, `description`, `currency`, `status`, `created_at`, `updated_at`) VALUES
(1, 'Basic', 'Essential tools for managing a single building and handling daily operations with ease.', 'PKR', 'Active', '2025-04-09 13:26:50', '2025-04-22 09:09:43'),
(2, 'Standard', 'Ideal for growing property managers who need more control and building coverage.', 'PKR', 'Active', '2025-04-09 13:26:50', '2025-04-22 09:09:43'),
(3, 'Pro', 'Advanced features for professionals managing multiple properties with automation and insights.', 'PKR', 'Active', '2025-04-09 13:26:51', '2025-04-22 09:09:43');


INSERT INTO `planservicecatalog` (`id`, `title`, `description`, `icon`, `parent_id`) VALUES
(1, 'Building Management', 'Oversee and organize all registered buildings in one place. Includes configuration, status updates, and essential building data.', 'fas fa-building', NULL),
(2, 'Manager Accounts', 'Create and manage accounts for building managers. Assign responsibilities and control access to their respective buildings.', 'fas fa-user-tie', NULL),
(3, 'Staff Members', 'Assign staff members to individual buildings. Manage queries, and responsibilities.', 'fas fa-users', NULL),
(4, 'Levels per Building', 'Define and manage the number of floors or levels for each building. Useful for unit mapping and navigation purposes.', 'fas fa-layer-group', 1),
(5, 'Units per Building', 'Add and track all residential or commercial units within a building. Enables easy management of occupancy and availability.', 'fas fa-door-open', 1),
(6, 'Featured Memberships', 'Highlight premium membership options for users. Offers additional visibility and benefits over standard plans.', 'fas fa-crown', NULL);


INSERT INTO `planservices` (`id`, `plan_id`, `service_catalog_id`, `quantity`, `meta`, `created_at`, `updated_at`) VALUES
(1, 1, 1, 3, '{\"quantity\":null}', '2025-04-10 09:03:17', '2025-04-27 09:00:37'),
(2, 1, 2, 2, '{\"quantity\":null}', '2025-04-10 09:03:17', '2025-04-27 08:58:12'),
(3, 1, 3, 20, '{\"quantity\":null}', '2025-04-10 09:03:17', '2025-04-27 09:00:37'),
(4, 1, 4, 5, '{\"quantity\":3}', '2025-04-10 09:03:17', '2025-04-27 09:00:37'),
(5, 1, 5, 25, '{\"quantity\":3}', '2025-04-10 09:03:17', '2025-04-27 09:00:37'),
(6, 1, 6, 2, '{\"quantity\":null}', '2025-04-10 09:03:17', '2025-04-27 08:58:12'),
(7, 2, 1, 5, '{\"quantity\":null}', '2025-04-10 09:03:17', '2025-04-27 08:58:21'),
(8, 2, 2, 3, '{\"quantity\":null}', '2025-04-10 09:03:17', '2025-04-27 08:58:21'),
(9, 2, 3, 30, '{\"quantity\":null}', '2025-04-10 09:03:17', '2025-04-27 08:58:21'),
(10, 2, 4, 8, '{\"quantity\":5}', '2025-04-10 09:03:17', '2025-04-27 08:58:21'),
(11, 2, 5, 40, '{\"quantity\":5}', '2025-04-10 09:03:17', '2025-04-27 08:58:21'),
(12, 2, 6, 5, '{\"quantity\":null}', '2025-04-10 09:03:17', '2025-04-27 08:58:21'),
(13, 3, 1, 7, '{\"quantity\":null}', '2025-04-10 09:03:17', '2025-04-27 08:58:31'),
(14, 3, 2, 5, '{\"quantity\":null}', '2025-04-10 09:03:17', '2025-04-27 08:58:31'),
(15, 3, 3, 50, '{\"quantity\":null}', '2025-04-10 09:03:17', '2025-04-27 08:58:31'),
(16, 3, 4, 10, '{\"quantity\":7}', '2025-04-10 09:03:17', '2025-04-27 08:58:31'),
(17, 3, 5, 60, '{\"quantity\":7}', '2025-04-10 09:03:17', '2025-04-27 08:58:31'),
(18, 3, 6, 5, '{\"quantity\":null}', '2025-04-10 09:03:17', '2025-04-27 08:58:31');


INSERT INTO `billing_cycles` (`id`, `duration_months`, `description`) VALUES
(1, 1, '1-month billing cycle'),
(2, 6, '6--month billing cycle'),
(3, 12, '12-month billing cycle');


INSERT INTO `planserviceprices` (`id`, `service_id`, `billing_cycle_id`, `price`, `created_at`, `updated_at`) VALUES
(1, 1, '1', 350.00, '2025-04-09 08:34:18', '2025-04-09 08:34:19'),
(2, 1, '2', 1890.00, '2025-04-09 08:34:18', '2025-04-09 08:34:19'),
(3, 1, '3', 3570.00, '2025-04-09 08:34:18', '2025-04-09 08:34:19'),
(4, 2, '1', 350.00, '2025-04-09 08:34:18', '2025-04-09 08:34:19'),
(5, 2, '2', 1890.00, '2025-04-09 08:34:18', '2025-04-09 08:34:19'),
(6, 2, '3', 3570.00, '2025-04-09 08:34:18', '2025-04-09 08:34:19'),
(7, 3, '1', 350.00, '2025-04-09 08:34:18', '2025-04-09 08:34:19'),
(8, 3, '2', 1890.00, '2025-04-09 08:34:18', '2025-04-09 08:34:19'),
(9, 3, '3', 3570.00, '2025-04-09 08:34:18', '2025-04-09 08:34:19'),
(10, 4, '1', 350.00, '2025-04-09 08:34:18', '2025-04-09 08:34:19'),
(11, 4, '2', 1890.00, '2025-04-09 08:34:18', '2025-04-09 08:34:19'),
(12, 4, '3', 3570.00, '2025-04-09 08:34:18', '2025-04-09 08:34:19'),
(13, 5, '1', 350.00, '2025-04-09 08:34:18', '2025-04-09 08:34:19'),
(14, 5, '2', 1890.00, '2025-04-09 08:34:18', '2025-04-09 08:34:19'),
(15, 5, '3', 3570.00, '2025-04-09 08:34:18', '2025-04-09 08:34:19'),
(16, 6, '1', 350.00, '2025-04-09 08:34:18', '2025-04-09 08:34:19'),
(17, 6, '2', 1890.00, '2025-04-09 08:34:18', '2025-04-09 08:34:19'),
(18, 6, '3', 3570.00, '2025-04-09 08:34:18', '2025-04-09 08:34:19'),
(19, 7, '1', 450.00, '2025-04-09 08:34:18', '2025-04-09 08:34:19'),
(20, 7, '2', 2430.00, '2025-04-09 08:34:18', '2025-04-09 08:34:19'),
(21, 7, '3', 4590.00, '2025-04-09 08:34:18', '2025-04-09 08:34:19'),
(22, 8, '1', 450.00, '2025-04-09 08:34:18', '2025-04-09 08:34:19'),
(23, 8, '2', 2430.00, '2025-04-09 08:34:18', '2025-04-09 08:34:19'),
(24, 8, '3', 4590.00, '2025-04-09 08:34:18', '2025-04-09 08:34:19'),
(25, 9, '1', 450.00, '2025-04-09 08:34:18', '2025-04-09 08:34:19'),
(26, 9, '2', 2430.00, '2025-04-09 08:34:18', '2025-04-09 08:34:19'),
(27, 9, '3', 4590.00, '2025-04-09 08:34:18', '2025-04-09 08:34:19'),
(28, 10, '1', 450.00, '2025-04-09 08:34:18', '2025-04-09 08:34:19'),
(29, 10, '2', 2430.00, '2025-04-09 08:34:18', '2025-04-09 08:34:19'),
(30, 10, '3', 4590.00, '2025-04-09 08:34:18', '2025-04-09 08:34:19'),
(31, 11, '1', 450.00, '2025-04-09 08:34:18', '2025-04-09 08:34:19'),
(32, 11, '2', 2430.00, '2025-04-09 08:34:18', '2025-04-09 08:34:19'),
(33, 11, '3', 4590.00, '2025-04-09 08:34:18', '2025-04-09 08:34:19'),
(34, 12, '1', 450.00, '2025-04-09 08:34:18', '2025-04-09 08:34:19'),
(35, 12, '2', 2430.00, '2025-04-09 08:34:18', '2025-04-09 08:34:19'),
(36, 12, '3', 4590.00, '2025-04-09 08:34:18', '2025-04-09 08:34:19'),
(37, 13, '1', 550.00, '2025-04-09 08:34:18', '2025-04-09 08:34:19'),
(38, 13, '2', 2970.00, '2025-04-09 08:34:18', '2025-04-09 08:34:19'),
(39, 13, '3', 5610.00, '2025-04-09 08:34:18', '2025-04-09 08:34:19'),
(40, 14, '1', 550.00, '2025-04-09 08:34:18', '2025-04-09 08:34:19'),
(41, 14, '2', 2970.00, '2025-04-09 08:34:18', '2025-04-09 08:34:19'),
(42, 14, '3', 5610.00, '2025-04-09 08:34:18', '2025-04-09 08:34:19'),
(43, 15, '1', 550.00, '2025-04-09 08:34:18', '2025-04-09 08:34:19'),
(44, 15, '2', 2970.00, '2025-04-09 08:34:18', '2025-04-09 08:34:19'),
(45, 15, '3', 5610.00, '2025-04-09 08:34:18', '2025-04-09 08:34:19'),
(46, 16, '1', 550.00, '2025-04-09 08:34:18', '2025-04-09 08:34:19'),
(47, 16, '2', 2970.00, '2025-04-09 08:34:18', '2025-04-09 08:34:19'),
(48, 16, '3', 5610.00, '2025-04-09 08:34:18', '2025-04-09 08:34:19'),
(49, 17, '1', 550.00, '2025-04-09 08:34:18', '2025-04-09 08:34:19'),
(50, 17, '2', 2970.00, '2025-04-09 08:34:18', '2025-04-09 08:34:19'),
(51, 17, '3', 5610.00, '2025-04-09 08:34:18', '2025-04-09 08:34:19'),
(52, 18, '1', 550.00, '2025-04-09 08:34:18', '2025-04-09 08:34:19'),
(53, 18, '2', 2970.00, '2025-04-09 08:34:18', '2025-04-09 08:34:19'),
(54, 18, '3', 5610.00, '2025-04-09 08:34:18', '2025-04-09 08:34:19');


INSERT INTO `subscriptions` (`id`, `customer_payment_id`, `user_id`, `organization_id`, `building_id`, `unit_id`, `source_id`, `source_name`, `billing_cycle`, `subscription_status`, `price_at_subscription`, `currency_at_subscription`, `trial_ends_at`, `ends_at`, `created_at`, `updated_at`) VALUES
(1, 'cus_SB7inAoxSnwbHf', 2, 1, NULL, NULL, 3, 'plan', '12', 'Active', 33660.00, 'PKR', NULL, '2026-04-22 09:04:24', '2025-04-22 09:04:26', '2025-04-22 14:10:54'),
(2, 'cus_SB7iqXRvLnRyDn', 3, 2, NULL, NULL, 3, 'plan', '12', 'Active', 33660.00, 'PKR', NULL, '2026-04-22 09:04:24', '2025-04-22 09:04:26', '2025-04-22 09:04:26'),
(3, 'cus_SB7jglEJjpDMC8', 4, 3, NULL, NULL, 3, 'plan', '12', 'Active', 33660.00, 'PKR', NULL, '2026-04-22 09:04:24', '2025-04-22 09:04:26', '2025-04-22 09:04:26'),
(4, 'cus_SB7e0HJrHluQcQ', 13, 1, 2, 2, 2, 'membership', '1', 'Active', 5999.00, 'PKR', NULL, '2025-06-18 05:38:10', '2025-05-18 05:38:10', '2025-05-18 05:38:10'),
(5, 'cus_SB7pmLoeZxqatk', 14, 1, 1, 1, 1, 'membership', '1', 'Active', 2999.00, 'PKR', NULL, '2025-06-18 05:38:24', '2025-05-18 05:38:24', '2025-05-18 05:38:24'),
(6, 'cus_SB7pm6RSylJgce', 15, 1, 2, 2, 2, 'membership', '1', 'Active', 5999.00, 'PKR', NULL, '2025-06-18 05:39:07', '2025-05-18 05:39:07', '2025-05-18 05:39:07'),
(7, 'cus_SB7pm6RSylJgce', 15, 1, 1, 1, 1, 'membership', '1', 'Active', 2999.00, 'PKR', NULL, '2025-06-18 05:39:23', '2025-05-18 05:39:23', '2025-05-18 05:39:23');


INSERT INTO `plansubscriptionitems` (`id`, `organization_id`, `subscription_id`, `service_catalog_id`, `quantity`, `used`, `meta`, `created_at`, `updated_at`) VALUES
(1, 1, 1, 1, 7, 3, '{\"quantity\":null}', '2025-04-22 14:04:27', '2025-04-22 14:04:27'),
(2, 1, 1, 2, 5, 2, '{\"quantity\":null}', '2025-04-22 14:04:27', '2025-04-22 14:04:27'),
(3, 1, 1, 3, 50, 2, '{\"quantity\":null}', '2025-04-22 14:04:27', '2025-04-22 14:04:27'),
(4, 1, 1, 4, 10, 3, '{\"quantity\":7,\"1\":{\"used\":3},\"2\":{\"used\":2},\"4\":{\"used\":3}}', '2025-04-22 14:04:27', '2025-04-27 13:08:14'),
(5, 1, 1, 5, 60, 8, '{\"quantity\":7,\"1\":{\"used\":8},\"2\":{\"used\":8},\"4\":{\"used\":7}}', '2025-04-22 14:04:27', '2025-04-22 14:04:27'),
(6, 1, 1, 6, 5, 5, '{\"quantity\":null}', '2025-04-22 14:04:27', '2025-04-22 14:04:27'),
(7, 2, 2, 1, 7, 1, '{\"quantity\":null}', '2025-04-22 14:04:27', '2025-04-22 14:04:27'),
(8, 2, 2, 2, 5, 0, '{\"quantity\":null}', '2025-04-22 14:04:27', '2025-04-22 14:04:27'),
(9, 2, 2, 3, 50, 2, '{\"quantity\":null}', '2025-04-22 14:04:27', '2025-04-22 14:04:27'),
(10, 2, 2, 4, 10, 3, '{\"quantity\":7,\"3\":{\"used\":3}}', '2025-04-22 14:04:27', '2025-04-27 13:09:53'),
(11, 2, 2, 5, 60, 6, '{\"quantity\":7,\"3\":{\"used\":6}}', '2025-04-22 14:04:27', '2025-04-22 14:04:27'),
(12, 2, 2, 6, 5, 0, '{\"quantity\":null}', '2025-04-22 14:04:27', '2025-04-22 14:04:27'),
(13, 3, 3, 1, 7, 0, '{\"quantity\":null}', '2025-04-22 14:04:27', '2025-04-22 14:04:27'),
(14, 3, 3, 2, 5, 0, '{\"quantity\":null}', '2025-04-22 14:04:27', '2025-04-22 14:04:27'),
(15, 3, 3, 3, 50, 0, '{\"quantity\":null}', '2025-04-22 14:04:27', '2025-04-22 14:04:27'),
(16, 3, 3, 4, 10, 0, '{\"quantity\":7}', '2025-04-22 14:04:27', '2025-04-22 14:04:27'),
(17, 3, 3, 5, 60, 0, '{\"quantity\":7}', '2025-04-22 14:04:27', '2025-04-22 14:04:27'),
(18, 3, 3, 6, 5, 0, '{\"quantity\":null}', '2025-04-22 14:04:27', '2025-04-22 14:04:27');


INSERT INTO `memberships` (`id`, `organization_id`, `building_id`, `unit_id`, `image`, `name`, `url`, `description`, `category`, `duration_months`, `scans_per_day`, `mark_as_featured`, `currency`, `price`, `offered_discount`, `status`, `created_by`, `updated_by`, `created_at`, `updated_at`) VALUES
(1, 1, 1, 1, 'uploads/memberships/images/restaurant_1.jpg', 'Foodie Feast', 'http://localhost:8000/membership/testing', 'Enjoy exclusive monthly perks with free delivery, 20% off on all pizzas, and a complimentary dessert every week.', 'Restaurant', 1, 3, 1, 'PKR', 2999.00, 20, 'Published', 2, 2, now(), now()),
(2, 1, 2, 2, 'uploads/memberships/images/gym_1.jpg', 'Elite Fitness Pass', 'http://localhost:8000/membership/testing', 'Gain full access to gym facilities, group classes, and one personal training session per week with this premium membership.', 'Gym', 1, 1, 1, 'PKR', 5999.00, 20, 'Published', 2, 2, now(), now()),
(3, 1, 1, 1, 'uploads/memberships/images/restaurant_2.jpg', 'Midnight Muncher Club', 'http://localhost:8000/membership/testing', 'Late-night discounts up to 25% on selected pizzas and a free drink every Friday.', 'Restaurant', 1, 3, 1, 'PKR', 3200.00, 20, 'Published', 2, 2, now(), now()),
(4, 1, 1, 1, 'uploads/memberships/images/restaurant_3.jpg', 'Family Feast Gold', 'http://localhost:8000/membership/testing', 'Share more with family combos at 30% off and priority table booking on weekends.', 'Restaurant', 1, 3, 1, 'PKR', 5000.00, 20, 'Published', 2, 2, now(), now()),
(5, 1, 1, 1, 'uploads/memberships/images/restaurant_4.jpg', 'Cheesy Perks Pass', 'http://localhost:8000/membership/testing', 'Unlock free cheesy bread, sauce upgrades, and dine-in discounts all month long.', 'Restaurant', 1, 3, 1, 'PKR', 2800.00, 20, 'Published', 2, 2, now(), now()),
(6, 1, 1, 1, 'uploads/memberships/images/restaurant_5.jpg', 'Crust Lover Elite', 'http://localhost:8000/membership/testing', 'Love crust? Get unlimited flavor swaps and loyalty-based side orders.', 'Restaurant', 1, 3, 0, 'PKR', 3900.00, 20, 'Published', 2, 2, now(), now());

INSERT INTO `transactions` (`id`, `transaction_title`, `transaction_category`, `buyer_id`, `buyer_type`, `buyer_transaction_type`, `seller_id`, `seller_type`, `seller_transaction_type`, `building_id`, `unit_id`, `membership_id`, `plan_id`, `payment_method`, `gateway_payment_id`, `price`, `currency`, `status`, `is_subscription`, `billing_cycle`, `subscription_start_date`, `subscription_end_date`, `source_id`, `source_name`, `created_at`, `updated_at`) VALUES
(1, 'Pro (12 Months)', 'New', 1, 'organization', 'Debit', NULL, 'platform', 'Credit', NULL, NULL, NULL, 3, 'Cash', NULL, 33660.00, 'PKR', 'Completed', 1, '12 Months', '2025-04-22 04:04:24', '2026-04-22 04:04:24', 1, 'subscription', '2025-04-22 04:04:27', '2025-04-22 04:04:27'),
(2, 'Pro (12 Months)', 'New', 2, 'organization', 'Debit', NULL, 'platform', 'Credit', NULL, NULL, NULL, 3, 'Cash', NULL, 33660.00, 'PKR', 'Completed', 1, '12 Months', '2025-04-22 04:04:24', '2026-04-22 04:04:24', 2, 'subscription', '2025-04-22 04:04:27', '2025-04-22 04:04:27'),
(3, 'Pro (12 Months)', 'New', 3, 'organization', 'Debit', NULL, 'platform', 'Credit', NULL, NULL, NULL, 3, 'Cash', NULL, 33660.00, 'PKR', 'Completed', 1, '12 Months', '2025-04-22 04:04:24', '2026-04-22 04:04:24', 3, 'subscription', '2025-04-22 04:04:27', '2025-04-22 04:04:27');
