INSERT INTO `address` (`id`, `location`, `country`, `province`, `city`, `postal_code`, `latitude`, `longitude`, `created_at`, `updated_at`) VALUES
(1, 'Gulberg', 'Pakistan', 'Punjab', 'Lahore', '54000', NULL, NULL, '2025-02-28 08:50:27', '2025-02-28 09:42:44');


INSERT INTO `roles` (`id`, `name`, `description`, `created_at`, `updated_at`) VALUES
(1, 'Admin', 'System administrator with unrestricted access to all platform features and settings.', '2025-02-28 13:53:22', '2025-02-28 13:53:22'),
(2, 'Owner', 'Primary stakeholder responsible for managing buildings, units, and organization-wide settings.', '2025-02-28 13:53:22', '2025-02-28 13:53:22'),
(3, 'Manager', 'Authorized personnel assisting owners in overseeing day-to-day operations and unit activities.', '2025-02-28 13:54:32', '2025-03-20 07:49:01'),
(4, 'Staff', 'On-ground staff responsible for building maintenance, support, and operational tasks.', '2025-02-28 13:54:32', '2025-03-20 07:49:22'),
(5, 'User', 'Registered tenants, residents, or buyers with access to personal units and related services.', '2025-03-20 04:17:02', '2025-03-20 07:49:49');


INSERT INTO `users` (`id`, `name`, `email`, `password`, `phone_no`, `cnic`, `date_of_birth`, `gender`, `picture`, `role_id`, `is_super_admin`, `is_verified`, `address_id`, `status`, `reset_token`, `customer_payment_id`, `created_by`, `updated_by`, `created_at`, `updated_at`) VALUES
(1, 'Syed Ibrahim', 'admin@risewithhms.com', '$2y$12$yk.kQEOK1BYrrYEW1yG1Z.FmvVDAKFXMD.TWmsOsMy9Pmwh4HDcnS', '0300-0000001', '35202-0000000-1', '2002-07-29', 'Male', null, 1, 1, 1, 1, 1, NULL, 'cus_SfQSowMSsqicl2', null, null, '2025-02-28 04:17:27', '2025-04-22 18:30:16');


INSERT INTO `dropdowntypes` (`id`, `type_name`, `description`, `parent_type_id`, `status`, `created_at`, `updated_at`) VALUES
(1, 'Country', 'null', NULL, 1, '2025-02-28 15:34:53', '2025-02-28 15:34:53'),
(2, 'Province', 'null', 1, 1, '2025-02-28 15:34:53', '2025-02-28 15:34:53'),
(3, 'City', 'null', 2, 1, '2025-02-28 15:34:53', '2025-02-28 15:34:53'),
(4, 'Building-type', 'null', NULL, 1, '2025-02-28 15:34:53', '2025-02-28 15:34:53'),
(5, 'Building-document-type', 'null', NULL, 1, '2025-02-28 15:34:53', '2025-02-28 15:34:53'),
(6, 'Unit-type', 'null', NULL, 1, '2025-02-28 15:34:53', '2025-02-28 15:34:53');


INSERT INTO `dropdownvalues` (`id`, `value_name`, `description`, `dropdown_type_id`, `parent_value_id`, `status`, `created_at`, `updated_at`) VALUES
(1, 'Pakistan', 'null', 1, NULL, 1, '2025-02-28 15:35:57', '2025-02-28 15:35:57'),
(2, 'Punjab', 'null', 2, 1, 1, '2025-02-28 15:35:57', '2025-02-28 15:35:57'),
(3, 'Lahore', 'null', 3, 2, 1, '2025-02-28 15:35:57', '2025-02-28 15:35:57'),
(4, 'Sindh', 'null', 2, 1, 1, '2025-02-28 15:35:57', '2025-02-28 15:35:57'),
(5, 'Karachi', 'null', 3, 4, 1, '2025-02-28 15:35:57', '2025-02-28 15:35:57'),
(6, 'Balochistan', 'null', 2, 1, 1, '2025-02-28 15:35:57', '2025-02-28 15:35:57'),
(7, 'Khyber Pakhtunkhwa', 'null', 2, 1, 1, '2025-02-28 15:35:57', '2025-02-28 15:35:57'),
(8, 'Capital', 'null', 2, 1, 1, '2025-02-28 15:35:57', '2025-02-28 15:35:57'),
(9, 'Multan', 'null', 3, 2, 1, '2025-02-28 15:35:57', '2025-02-28 15:35:57'),
(10, 'Faisalabad', 'null', 3, 2, 1, '2025-02-28 15:35:57', '2025-02-28 15:35:57'),
(11, 'Okara', 'null', 3, 2, 1, '2025-02-28 15:35:57', '2025-02-28 15:35:57'),
(12, 'Hyderabad', 'null', 3, 4, 1, '2025-02-28 15:35:57', '2025-02-28 15:35:57'),
(13, 'Sukkur', 'null', 3, 4, 1, '2025-02-28 15:35:57', '2025-02-28 15:35:57'),
(14, 'Quetta', 'null', 3, 6, 1, '2025-02-28 15:35:57', '2025-02-28 15:35:57'),
(15, 'Turbat', 'null', 3, 6, 1, '2025-02-28 15:35:57', '2025-02-28 15:35:57'),
(16, 'Abbottabad', 'null', 3, 7, 1, '2025-02-28 15:35:57', '2025-02-28 15:35:57'),
(17, 'Dera Ismail Khan', 'null', 3, 7, 1, '2025-02-28 15:35:57', '2025-02-28 15:35:57'),
(18, 'Peshawar', 'null', 3, 7, 1, '2025-02-28 15:35:57', '2025-02-28 15:35:57'),
(19, 'Islamabad', 'null', 3, 8, 1, '2025-02-28 15:35:57', '2025-02-28 15:35:57'),
(20, 'Residential', 'null', 4, NULL, 1, '2025-02-28 15:35:57', '2025-02-28 15:35:57'),
(21, 'Commercial', 'null', 4, NULL, 1, '2025-02-28 15:35:57', '2025-02-28 15:35:57'),
(22, 'Industrial', 'null', 4, NULL, 1, '2025-02-28 15:35:57', '2025-02-28 15:35:57'),
(23, 'Mixed-Use', 'null', 4, NULL, 1, '2025-02-28 15:35:57', '2025-02-28 15:35:57'),
(24, 'Building Permit', 'null', 5, NULL, 1, '2025-02-28 15:35:57', '2025-02-28 15:35:57'),
(25, 'Occupancy Certificate', 'null', 5, NULL, 1, '2025-02-28 15:35:57', '2025-02-28 15:35:57'),
(26, 'Completion Certificate', 'null', 5, NULL, 1, '2025-02-28 15:35:57', '2025-02-28 15:35:57'),
(27, 'Room', 'null', 6, NULL, 1, '2025-02-28 15:35:57', '2025-02-28 15:35:57'),
(28, 'Shop', 'null', 6, NULL, 1, '2025-02-28 15:35:57', '2025-02-28 15:35:57'),
(29, 'Apartment', 'null', 6, NULL, 1, '2025-02-28 15:35:57', '2025-02-28 15:35:57'),
(30, 'Restaurant', 'null', 6, NULL, 1, '2025-02-28 15:35:57', '2025-02-28 15:35:57'),
(31, 'Gym', 'null', 6, NULL, 1, '2025-02-28 15:35:57', '2025-02-28 15:35:57');


INSERT INTO `plans` (`id`, `name`, `description`, `currency`, `status`, `created_at`, `updated_at`) VALUES
(1, 'Basic', 'Essential tools for managing a single building and handling daily operations with ease.', 'PKR', 'Active', '2025-02-09 13:26:50', '2025-02-09 13:26:50'),
(2, 'Standard', 'Ideal for growing property managers who need more control and building coverage.', 'PKR', 'Active', '2025-02-09 13:26:50', '2025-02-09 13:26:50'),
(3, 'Pro', 'Advanced features for professionals managing multiple properties with automation and insights.', 'PKR', 'Active', '2025-02-09 13:26:50', '2025-02-09 13:26:50');


INSERT INTO `planservicecatalog` (`id`, `title`, `description`, `icon`, `parent_id`) VALUES
(1, 'Building Management', 'Oversee and organize all registered buildings in one place. Includes configuration, status updates, and essential building data.', 'fas fa-building', NULL),
(2, 'Manager Accounts', 'Create and manage accounts for building managers. Assign responsibilities and control access to their respective buildings.', 'fas fa-user-tie', NULL),
(3, 'Staff Members', 'Assign staff members to individual buildings. Manage queries, and responsibilities.', 'fas fa-users', NULL),
(4, 'Levels per Building', 'Define and manage the number of floors or levels for each building. Useful for unit mapping and navigation purposes.', 'fas fa-layer-group', 1),
(5, 'Units per Building', 'Add and track all residential or commercial units within a building. Enables easy management of occupancy and availability.', 'fas fa-door-open', 1),
(6, 'Featured Memberships', 'Highlight premium membership options for users. Offers additional visibility and benefits over standard plans.', 'fas fa-crown', NULL);


INSERT INTO `planservices` (`id`, `plan_id`, `service_catalog_id`, `quantity`, `meta`, `created_at`, `updated_at`) VALUES
(1, 1, 1, 3, '{\"quantity\":null}', '2025-04-10 09:03:17', '2025-04-27 09:00:37'),
(2, 1, 2, 2, '{\"quantity\":null}', '2025-04-10 09:03:17', '2025-04-27 08:58:12'),
(3, 1, 3, 20, '{\"quantity\":null}', '2025-04-10 09:03:17', '2025-04-27 09:00:37'),
(4, 1, 4, 5, '{\"quantity\":3}', '2025-04-10 09:03:17', '2025-04-27 09:00:37'),
(5, 1, 5, 25, '{\"quantity\":3}', '2025-04-10 09:03:17', '2025-04-27 09:00:37'),
(6, 1, 6, 2, '{\"quantity\":null}', '2025-04-10 09:03:17', '2025-04-27 08:58:12'),
(7, 2, 1, 5, '{\"quantity\":null}', '2025-04-10 09:03:17', '2025-04-27 08:58:21'),
(8, 2, 2, 3, '{\"quantity\":null}', '2025-04-10 09:03:17', '2025-04-27 08:58:21'),
(9, 2, 3, 30, '{\"quantity\":null}', '2025-04-10 09:03:17', '2025-04-27 08:58:21'),
(10, 2, 4, 8, '{\"quantity\":5}', '2025-04-10 09:03:17', '2025-04-27 08:58:21'),
(11, 2, 5, 40, '{\"quantity\":5}', '2025-04-10 09:03:17', '2025-04-27 08:58:21'),
(12, 2, 6, 5, '{\"quantity\":null}', '2025-04-10 09:03:17', '2025-04-27 08:58:21'),
(13, 3, 1, 7, '{\"quantity\":null}', '2025-04-10 09:03:17', '2025-04-27 08:58:31'),
(14, 3, 2, 5, '{\"quantity\":null}', '2025-04-10 09:03:17', '2025-04-27 08:58:31'),
(15, 3, 3, 50, '{\"quantity\":null}', '2025-04-10 09:03:17', '2025-04-27 08:58:31'),
(16, 3, 4, 10, '{\"quantity\":7}', '2025-04-10 09:03:17', '2025-04-27 08:58:31'),
(17, 3, 5, 60, '{\"quantity\":7}', '2025-04-10 09:03:17', '2025-04-27 08:58:31'),
(18, 3, 6, 5, '{\"quantity\":null}', '2025-04-10 09:03:17', '2025-04-27 08:58:31');


INSERT INTO `billing_cycles` (`id`, `duration_months`, `description`) VALUES
(1, 1, '1-month billing cycle'),
(2, 6, '6-month billing cycle'),
(3, 12, '12-month billing cycle');


INSERT INTO `planserviceprices` (`id`, `service_id`, `billing_cycle_id`, `price`, `created_at`, `updated_at`) VALUES
(1, 1, '1', 350.00, '2025-04-09 08:34:18', '2025-04-09 08:34:19'),
(2, 1, '2', 1890.00, '2025-04-09 08:34:18', '2025-04-09 08:34:19'),
(3, 1, '3', 3570.00, '2025-04-09 08:34:18', '2025-04-09 08:34:19'),
(4, 2, '1', 350.00, '2025-04-09 08:34:18', '2025-04-09 08:34:19'),
(5, 2, '2', 1890.00, '2025-04-09 08:34:18', '2025-04-09 08:34:19'),
(6, 2, '3', 3570.00, '2025-04-09 08:34:18', '2025-04-09 08:34:19'),
(7, 3, '1', 350.00, '2025-04-09 08:34:18', '2025-04-09 08:34:19'),
(8, 3, '2', 1890.00, '2025-04-09 08:34:18', '2025-04-09 08:34:19'),
(9, 3, '3', 3570.00, '2025-04-09 08:34:18', '2025-04-09 08:34:19'),
(10, 4, '1', 350.00, '2025-04-09 08:34:18', '2025-04-09 08:34:19'),
(11, 4, '2', 1890.00, '2025-04-09 08:34:18', '2025-04-09 08:34:19'),
(12, 4, '3', 3570.00, '2025-04-09 08:34:18', '2025-04-09 08:34:19'),
(13, 5, '1', 350.00, '2025-04-09 08:34:18', '2025-04-09 08:34:19'),
(14, 5, '2', 1890.00, '2025-04-09 08:34:18', '2025-04-09 08:34:19'),
(15, 5, '3', 3570.00, '2025-04-09 08:34:18', '2025-04-09 08:34:19'),
(16, 6, '1', 350.00, '2025-04-09 08:34:18', '2025-04-09 08:34:19'),
(17, 6, '2', 1890.00, '2025-04-09 08:34:18', '2025-04-09 08:34:19'),
(18, 6, '3', 3570.00, '2025-04-09 08:34:18', '2025-04-09 08:34:19'),
(19, 7, '1', 450.00, '2025-04-09 08:34:18', '2025-04-09 08:34:19'),
(20, 7, '2', 2430.00, '2025-04-09 08:34:18', '2025-04-09 08:34:19'),
(21, 7, '3', 4590.00, '2025-04-09 08:34:18', '2025-04-09 08:34:19'),
(22, 8, '1', 450.00, '2025-04-09 08:34:18', '2025-04-09 08:34:19'),
(23, 8, '2', 2430.00, '2025-04-09 08:34:18', '2025-04-09 08:34:19'),
(24, 8, '3', 4590.00, '2025-04-09 08:34:18', '2025-04-09 08:34:19'),
(25, 9, '1', 450.00, '2025-04-09 08:34:18', '2025-04-09 08:34:19'),
(26, 9, '2', 2430.00, '2025-04-09 08:34:18', '2025-04-09 08:34:19'),
(27, 9, '3', 4590.00, '2025-04-09 08:34:18', '2025-04-09 08:34:19'),
(28, 10, '1', 450.00, '2025-04-09 08:34:18', '2025-04-09 08:34:19'),
(29, 10, '2', 2430.00, '2025-04-09 08:34:18', '2025-04-09 08:34:19'),
(30, 10, '3', 4590.00, '2025-04-09 08:34:18', '2025-04-09 08:34:19'),
(31, 11, '1', 450.00, '2025-04-09 08:34:18', '2025-04-09 08:34:19'),
(32, 11, '2', 2430.00, '2025-04-09 08:34:18', '2025-04-09 08:34:19'),
(33, 11, '3', 4590.00, '2025-04-09 08:34:18', '2025-04-09 08:34:19'),
(34, 12, '1', 450.00, '2025-04-09 08:34:18', '2025-04-09 08:34:19'),
(35, 12, '2', 2430.00, '2025-04-09 08:34:18', '2025-04-09 08:34:19'),
(36, 12, '3', 4590.00, '2025-04-09 08:34:18', '2025-04-09 08:34:19'),
(37, 13, '1', 550.00, '2025-04-09 08:34:18', '2025-04-09 08:34:19'),
(38, 13, '2', 2970.00, '2025-04-09 08:34:18', '2025-04-09 08:34:19'),
(39, 13, '3', 5610.00, '2025-04-09 08:34:18', '2025-04-09 08:34:19'),
(40, 14, '1', 550.00, '2025-04-09 08:34:18', '2025-04-09 08:34:19'),
(41, 14, '2', 2970.00, '2025-04-09 08:34:18', '2025-04-09 08:34:19'),
(42, 14, '3', 5610.00, '2025-04-09 08:34:18', '2025-04-09 08:34:19'),
(43, 15, '1', 550.00, '2025-04-09 08:34:18', '2025-04-09 08:34:19'),
(44, 15, '2', 2970.00, '2025-04-09 08:34:18', '2025-04-09 08:34:19'),
(45, 15, '3', 5610.00, '2025-04-09 08:34:18', '2025-04-09 08:34:19'),
(46, 16, '1', 550.00, '2025-04-09 08:34:18', '2025-04-09 08:34:19'),
(47, 16, '2', 2970.00, '2025-04-09 08:34:18', '2025-04-09 08:34:19'),
(48, 16, '3', 5610.00, '2025-04-09 08:34:18', '2025-04-09 08:34:19'),
(49, 17, '1', 550.00, '2025-04-09 08:34:18', '2025-04-09 08:34:19'),
(50, 17, '2', 2970.00, '2025-04-09 08:34:18', '2025-04-09 08:34:19'),
(51, 17, '3', 5610.00, '2025-04-09 08:34:18', '2025-04-09 08:34:19'),
(52, 18, '1', 550.00, '2025-04-09 08:34:18', '2025-04-09 08:34:19'),
(53, 18, '2', 2970.00, '2025-04-09 08:34:18', '2025-04-09 08:34:19'),
(54, 18, '3', 5610.00, '2025-04-09 08:34:18', '2025-04-09 08:34:19');
