INSERT INTO `address` (`id`, `location`, `country`, `province`, `city`, `postal_code`, `latitude`, `longitude`, `created_at`, `updated_at`) VALUES
(1, 'Gulberg', 'Pakistan', 'Punjab', 'Lahore', '54000', NULL, NULL, '2025-02-28 08:50:27', '2025-02-28 09:42:44');


INSERT INTO `roles` (`id`, `name`, `description`, `created_at`, `updated_at`) VALUES
(1, 'Admin', 'System administrator with unrestricted access to all platform features and settings.', '2025-02-28 13:53:22', '2025-02-28 13:53:22'),
(2, 'Owner', 'Primary stakeholder responsible for managing buildings, units, and organization-wide settings.', '2025-02-28 13:53:22', '2025-02-28 13:53:22'),
(3, 'Manager', 'Authorized personnel assisting owners in overseeing day-to-day operations and unit activities.', '2025-02-28 13:54:32', '2025-03-20 07:49:01'),
(4, 'Staff', 'On-ground staff responsible for building maintenance, support, and operational tasks.', '2025-02-28 13:54:32', '2025-03-20 07:49:22'),
(5, 'User', 'Registered tenants, residents, or buyers with access to personal units and related services.', '2025-03-20 04:17:02', '2025-03-20 07:49:49');


INSERT INTO `users` (`id`, `name`, `email`, `password`, `phone_no`, `cnic`, `date_of_birth`, `gender`, `picture`, `role_id`, `is_super_admin`, `is_verified`, `address_id`, `status`, `reset_token`, `customer_payment_id`, `created_by`, `updated_by`, `created_at`, `updated_at`) VALUES
(1, 'Syed Ibrahim', 'admin@risewithhms.com', '$2y$12$yk.kQEOK1BYrrYEW1yG1Z.FmvVDAKFXMD.TWmsOsMy9Pmwh4HDcnS', '0300-0000001', '35202-0000000-1', '2002-07-29', 'Male', null, 1, 1, 1, 1, 1, NULL, 'cus_SfQSowMSsqicl2', null, null, '2025-02-28 04:17:27', '2025-04-22 18:30:16');


INSERT INTO `dropdowntypes` (`id`, `type_name`, `description`, `parent_type_id`, `status`, `created_at`, `updated_at`) VALUES
(1, 'Country', 'null', NULL, 1, '2025-02-28 15:34:53', '2025-02-28 15:34:53'),
(2, 'Province', 'null', 1, 1, '2025-02-28 15:34:53', '2025-02-28 15:34:53'),
(3, 'City', 'null', 2, 1, '2025-02-28 15:34:53', '2025-02-28 15:34:53'),
(4, 'Building-type', 'null', NULL, 1, '2025-02-28 15:34:53', '2025-02-28 15:34:53'),
(5, 'Building-document-type', 'null', NULL, 1, '2025-02-28 15:34:53', '2025-02-28 15:34:53'),
(6, 'Unit-type', 'null', NULL, 1, '2025-02-28 15:34:53', '2025-02-28 15:34:53');


INSERT INTO `dropdownvalues` (`id`, `value_name`, `description`, `dropdown_type_id`, `parent_value_id`, `status`, `created_at`, `updated_at`) VALUES
(1, 'Pakistan', 'null', 1, NULL, 1, '2025-02-28 15:35:57', '2025-02-28 15:35:57'),
(2, 'Punjab', 'null', 2, 1, 1, '2025-02-28 15:35:57', '2025-02-28 15:35:57'),
(3, 'Lahore', 'null', 3, 2, 1, '2025-02-28 15:35:57', '2025-02-28 15:35:57'),
(4, 'Sindh', 'null', 2, 1, 1, '2025-02-28 15:35:57', '2025-02-28 15:35:57'),
(5, 'Karachi', 'null', 3, 4, 1, '2025-02-28 15:35:57', '2025-02-28 15:35:57'),
(6, 'Balochistan', 'null', 2, 1, 1, '2025-02-28 15:35:57', '2025-02-28 15:35:57'),
(7, 'Khyber Pakhtunkhwa', 'null', 2, 1, 1, '2025-02-28 15:35:57', '2025-02-28 15:35:57'),
(8, 'Capital', 'null', 2, 1, 1, '2025-02-28 15:35:57', '2025-02-28 15:35:57'),
(9, 'Multan', 'null', 3, 2, 1, '2025-02-28 15:35:57', '2025-02-28 15:35:57'),
(10, 'Faisalabad', 'null', 3, 2, 1, '2025-02-28 15:35:57', '2025-02-28 15:35:57'),
(11, 'Okara', 'null', 3, 2, 1, '2025-02-28 15:35:57', '2025-02-28 15:35:57'),
(12, 'Hyderabad', 'null', 3, 4, 1, '2025-02-28 15:35:57', '2025-02-28 15:35:57'),
(13, 'Sukkur', 'null', 3, 4, 1, '2025-02-28 15:35:57', '2025-02-28 15:35:57'),
(14, 'Quetta', 'null', 3, 6, 1, '2025-02-28 15:35:57', '2025-02-28 15:35:57'),
(15, 'Turbat', 'null', 3, 6, 1, '2025-02-28 15:35:57', '2025-02-28 15:35:57'),
(16, 'Abbottabad', 'null', 3, 7, 1, '2025-02-28 15:35:57', '2025-02-28 15:35:57'),
(17, 'Dera Ismail Khan', 'null', 3, 7, 1, '2025-02-28 15:35:57', '2025-02-28 15:35:57'),
(18, 'Peshawar', 'null', 3, 7, 1, '2025-02-28 15:35:57', '2025-02-28 15:35:57'),
(19, 'Islamabad', 'null', 3, 8, 1, '2025-02-28 15:35:57', '2025-02-28 15:35:57'),
(20, 'Residential', 'null', 4, NULL, 1, '2025-02-28 15:35:57', '2025-02-28 15:35:57'),
(21, 'Commercial', 'null', 4, NULL, 1, '2025-02-28 15:35:57', '2025-02-28 15:35:57'),
(22, 'Industrial', 'null', 4, NULL, 1, '2025-02-28 15:35:57', '2025-02-28 15:35:57'),
(23, 'Mixed-Use', 'null', 4, NULL, 1, '2025-02-28 15:35:57', '2025-02-28 15:35:57'),
(24, 'Building Permit', 'null', 5, NULL, 1, '2025-02-28 15:35:57', '2025-02-28 15:35:57'),
(25, 'Occupancy Certificate', 'null', 5, NULL, 1, '2025-02-28 15:35:57', '2025-02-28 15:35:57'),
(26, 'Completion Certificate', 'null', 5, NULL, 1, '2025-02-28 15:35:57', '2025-02-28 15:35:57'),
(27, 'Room', 'null', 6, NULL, 1, '2025-02-28 15:35:57', '2025-02-28 15:35:57'),
(28, 'Shop', 'null', 6, NULL, 1, '2025-02-28 15:35:57', '2025-02-28 15:35:57'),
(29, 'Apartment', 'null', 6, NULL, 1, '2025-02-28 15:35:57', '2025-02-28 15:35:57'),
(30, 'Restaurant', 'null', 6, NULL, 1, '2025-02-28 15:35:57', '2025-02-28 15:35:57'),
(31, 'Gym', 'null', 6, NULL, 1, '2025-02-28 15:35:57', '2025-02-28 15:35:57');



INSERT INTO `permissions` (`id`, `name`, `header`, `description`, `status`, `parent_id`, `created_at`, `updated_at`) VALUES
(1, 'Admin Dashboard', 'Admin Portal', 'Admin Portal', 1, NULL, '2025-02-28 08:53:22', '2025-02-28 08:53:22'),
(2, 'Admin Dashboard Stats', 'Admin Portal', 'Admin Portal', 1, 1, '2025-02-28 08:53:22', '2025-07-12 21:18:53'),
(3, 'Subscription Plans Chart', 'Admin Portal', 'Admin Portal', 1, 1, '2025-02-28 08:53:22', '2025-07-12 21:18:53'),
(4, 'Approval Requests Chart', 'Admin Portal', 'Admin Portal', 1, 1, '2025-02-28 08:53:22', '2025-07-12 21:18:53'),
(5, 'Revenue Growth Chart', 'Admin Portal', 'Admin Portal', 1, 1, '2025-02-28 08:53:22', '2025-07-12 21:18:53'),
(6, 'Plan Popularity Chart', 'Admin Portal', 'Admin Portal', 1, 1, '2025-02-28 08:53:22', '2025-07-12 21:18:53'),
(7, 'Subscription Distribution Chart', 'Admin Portal', 'Admin Portal', 1, 1, '2025-02-28 08:53:22', '2025-07-12 21:18:53'),
(8, 'Approval Timeline Chart', 'Admin Portal', 'Admin Portal', 1, 1, '2025-02-28 08:53:22', '2025-07-12 21:18:53'),
(9, 'Plans', 'Admin Portal', 'Admin Portal', 1, NULL, '2025-02-28 08:53:22', '2025-02-28 08:53:22'),
(10, 'Add Plan', 'Admin Portal', 'Admin Portal', 1, 9, '2025-02-28 08:53:22', '2025-02-28 08:53:22'),
(11, 'Edit Plan', 'Admin Portal', 'Admin Portal', 1, 9, '2025-02-28 08:53:22', '2025-02-28 08:53:22'),
(12, 'View Plan Details', 'Admin Portal', 'Admin Portal', 1, 9, '2025-02-28 08:53:22', '2025-02-28 08:53:22'),
(13, 'Delete Plan', 'Admin Portal', 'Admin Portal', 1, 9, '2025-02-28 08:53:22', '2025-02-28 08:53:22'),
(14, 'User Management', 'Admin Portal', 'Admin Portal', 1, NULL, '2025-02-28 08:53:22', '2025-07-12 17:50:51'),
(15, 'Add User', 'Admin Portal', 'Admin Portal', 1, 14, '2025-02-28 08:53:22', '2025-07-12 17:50:51'),
(16, 'Edit User', 'Admin Portal', 'Admin Portal', 1, 14, '2025-02-28 08:53:22', '2025-07-12 17:50:51'),
(17, 'Role Management', 'Admin Portal', 'Admin Portal', 1, NULL, '2025-02-28 08:53:22', '2025-02-28 08:53:22'),
(18, 'Add Role', 'Admin Portal', 'Admin Portal', 1, 17, '2025-02-28 08:53:22', '2025-02-28 08:53:22'),
(19, 'Edit Role', 'Admin Portal', 'Admin Portal', 1, 17, '2025-02-28 08:53:22', '2025-02-28 08:53:22'),
(20, 'Delete Role', 'Admin Portal', 'Admin Portal', 1, 17, '2025-02-28 08:53:22', '2025-02-28 08:53:22'),
(21, 'Manage Role Permissions', 'Admin Portal', 'Admin Portal', 1, 17, '2025-02-28 08:53:22', '2025-02-28 08:53:22'),
(22, 'Organization Management', 'Admin Portal', 'Admin Portal', 1, NULL, '2025-02-28 08:53:22', '2025-02-28 08:53:22'),
(23, 'Add Organization', 'Admin Portal', 'Admin Portal', 1, 22, '2025-02-28 08:53:22', '2025-02-28 08:53:22'),
(24, 'Edit Organization', 'Admin Portal', 'Admin Portal', 1, 22, '2025-02-28 08:53:22', '2025-02-28 08:53:22'),
(25, 'View Organization Details', 'Admin Portal', 'Admin Portal', 1, 22, '2025-02-28 08:53:22', '2025-02-28 08:53:22'),
(26, 'Upgrade Organization Plan', 'Admin Portal', 'Admin Portal', 1, 22, '2025-02-28 08:53:22', '2025-02-28 08:53:22'),
(27, 'Record Plan Payment', 'Admin Portal', 'Admin Portal', 1, 22, '2025-02-28 08:53:22', '2025-02-28 08:53:22'),
(28, 'Admin Finance', 'Admin Portal', 'Admin Portal', 1, NULL, '2025-02-28 08:53:22', '2025-02-28 08:53:22'),
(29, 'Admin Transaction Details', 'Admin Portal', 'Admin Portal', 1, 28, '2025-02-28 08:53:22', '2025-02-28 08:53:22'),
(30, 'Admin Buildings', 'Admin Portal', 'Admin Portal', 1, NULL, '2025-02-28 08:53:22', '2025-02-28 08:53:22'),
(31, 'Admin Add Building', 'Admin Portal', 'Admin Portal', 1, 30, '2025-02-28 08:53:22', '2025-02-28 08:53:22'),
(32, 'Admin Edit Building', 'Admin Portal', 'Admin Portal', 1, 30, '2025-02-28 08:53:22', '2025-02-28 08:53:22'),
(33, 'Admin Building Details', 'Admin Portal', 'Admin Portal', 1, 30, '2025-02-28 08:53:22', '2025-02-28 08:53:22'),
(34, 'Accept Building', 'Admin Portal', 'Admin Portal', 1, 30, '2025-02-28 08:53:22', '2025-02-28 08:53:22'),
(35, 'Reject Building', 'Admin Portal', 'Admin Portal', 1, 30, '2025-02-28 08:53:22', '2025-02-28 08:53:22'),
(36, 'Report Remarks', 'Admin Portal', 'Admin Portal', 1, 30, '2025-02-28 08:53:22', '2025-02-28 08:53:22'),
(37, 'Admin Levels', 'Admin Portal', 'Admin Portal', 1, NULL, '2025-02-28 08:53:22', '2025-02-28 08:53:22'),
(38, 'Admin Add Level', 'Admin Portal', 'Admin Portal', 1, 37, '2025-02-28 08:53:22', '2025-02-28 08:53:22'),
(39, 'Admin Edit Level', 'Admin Portal', 'Admin Portal', 1, 37, '2025-02-28 08:53:22', '2025-02-28 08:53:22'),
(40, 'Admin Units', 'Admin Portal', 'Admin Portal', 1, NULL, '2025-02-28 08:53:22', '2025-02-28 08:53:22'),
(41, 'Admin Add Unit', 'Admin Portal', 'Admin Portal', 1, 40, '2025-02-28 08:53:22', '2025-02-28 08:53:22'),
(42, 'Admin Edit Unit', 'Admin Portal', 'Admin Portal', 1, 40, '2025-02-28 08:53:22', '2025-02-28 08:53:22'),
(43, 'Dropdowns', 'Admin Portal', 'Admin Portal', 1, NULL, '2025-02-28 08:53:22', '2025-02-28 08:53:22'),
(44, 'Add Dropdown Type', 'Admin Portal', 'Admin Portal', 1, 43, '2025-02-28 08:53:22', '2025-02-28 08:53:22'),
(45, 'Edit Dropdown Type', 'Admin Portal', 'Admin Portal', 1, 43, '2025-02-28 08:53:22', '2025-02-28 08:53:22'),
(46, 'Add Dropdown Value', 'Admin Portal', 'Admin Portal', 1, 43, '2025-02-28 08:53:22', '2025-02-28 08:53:22'),
(47, 'Edit Dropdown Value', 'Admin Portal', 'Admin Portal', 1, 43, '2025-02-28 08:53:22', '2025-02-28 08:53:22'),
(48, 'Owner Dashboard', 'Owner Portal', 'Owner Portal', 1, NULL, '2025-02-28 08:53:22', '2025-02-28 08:53:22'),
(49, 'Dashboard Stats', 'Owner Portal', 'Owner Portal', 1, 48, '2025-02-28 08:53:22', '2025-02-28 08:53:22'),
(50, 'Finance Stats', 'Owner Portal', 'Owner Portal', 1, 48, '2025-02-28 08:53:22', '2025-02-28 08:53:22'),
(51, 'Unit Occupancy Chart', 'Owner Portal', 'Owner Portal', 1, 48, '2025-02-28 08:53:22', '2025-02-28 08:53:22'),
(52, 'Membership Subscriptions Chart', 'Owner Portal', 'Owner Portal', 1, 48, '2025-02-28 08:53:22', '2025-02-28 08:53:22'),
(53, 'Unit Status Chart', 'Owner Portal', 'Owner Portal', 1, 48, '2025-02-28 08:53:22', '2025-02-28 08:53:22'),
(54, 'Staff Distribution Chart', 'Owner Portal', 'Owner Portal', 1, 48, '2025-02-28 08:53:22', '2025-02-28 08:53:22'),
(55, 'Income & Expense Chart', 'Owner Portal', 'Owner Portal', 1, 48, '2025-02-28 08:53:22', '2025-02-28 08:53:22'),
(56, 'Membership Distribution Chart', 'Owner Portal', 'Owner Portal', 1, 48, '2025-02-28 08:53:22', '2025-02-28 08:53:22'),
(57, 'Organization Profile', 'Owner Portal', 'Owner Portal', 1, NULL, '2025-02-28 08:53:22', '2025-02-28 08:53:22'),
(58, 'Update Profile', 'Owner Portal', 'Owner Portal', 1, 57, '2025-02-28 08:53:22', '2025-07-13 06:21:07'),
(59, 'Update Plan', 'Owner Portal', 'Owner Portal', 1, 57, '2025-02-28 08:53:22', '2025-07-13 06:21:07'),
(60, 'Change Online Payment Status', 'Owner Portal', 'Owner Portal', 1, 57, '2025-02-28 08:53:22', '2025-02-28 08:53:22'),
(61, 'Buildings', 'Owner Portal', 'Owner Portal', 1, NULL, '2025-02-28 08:53:22', '2025-02-28 08:53:22'),
(62, 'Add Building', 'Owner Portal', 'Owner Portal', 1, 61, '2025-02-28 08:53:22', '2025-02-28 08:53:22'),
(63, 'Edit Building', 'Owner Portal', 'Owner Portal', 1, 61, '2025-02-28 08:53:22', '2025-02-28 08:53:22'),
(64, 'View Building Details', 'Owner Portal', 'Owner Portal', 1, 61, '2025-02-28 08:53:22', '2025-02-28 08:53:22'),
(65, 'Building Tree', 'Owner Portal', 'Owner Portal', 1, 61, '2025-02-28 08:53:22', '2025-02-28 08:53:22'),
(66, 'Submit Building', 'Owner Portal', 'Owner Portal', 1, 61, '2025-02-28 08:53:22', '2025-02-28 08:53:22'),
(67, 'Remind Admin', 'Owner Portal', 'Owner Portal', 1, 61, '2025-02-28 08:53:22', '2025-02-28 08:53:22'),
(68, 'Levels', 'Owner Portal', 'Owner Portal', 1, NULL, '2025-02-28 08:53:22', '2025-02-28 08:53:22'),
(69, 'Add Level', 'Owner Portal', 'Owner Portal', 1, 68, '2025-02-28 08:53:22', '2025-02-28 08:53:22'),
(70, 'Edit Level', 'Owner Portal', 'Owner Portal', 1, 68, '2025-02-28 08:53:22', '2025-02-28 08:53:22'),
(71, 'Units', 'Owner Portal', 'Owner Portal', 1, NULL, '2025-02-28 08:53:22', '2025-02-28 08:53:22'),
(72, 'Add Unit', 'Owner Portal', 'Owner Portal', 1, 71, '2025-02-28 08:53:22', '2025-02-28 08:53:22'),
(73, 'Edit Unit', 'Owner Portal', 'Owner Portal', 1, 71, '2025-02-28 08:53:22', '2025-02-28 08:53:22'),
(74, 'View Unit Details', 'Owner Portal', 'Owner Portal', 1, 71, '2025-02-28 08:53:22', '2025-02-28 08:53:22'),
(75, 'Property Users', 'Owner Portal', 'Owner Portal', 1, NULL, '2025-02-28 08:53:22', '2025-02-28 08:53:22'),
(76, 'Edit Property User', 'Owner Portal', 'Owner Portal', 1, 75, '2025-02-28 08:53:22', '2025-02-28 08:53:22'),
(77, 'View Details', 'Owner Portal', 'Owner Portal', 1, 75, '2025-02-28 08:53:22', '2025-02-28 08:53:22'),
(78, 'Update Contract', 'Owner Portal', 'Owner Portal', 1, 75, '2025-02-28 08:53:22', '2025-02-28 08:53:22'),
(79, 'Update Renew Status', 'Owner Portal', 'Owner Portal', 1, 75, '2025-02-28 08:53:22', '2025-02-28 08:53:22'),
(80, 'Record Rental Payment', 'Owner Portal', 'Owner Portal', 1, 75, '2025-02-28 08:53:22', '2025-02-28 08:53:22'),
(81, 'Assign Unit', 'Owner Portal', 'Owner Portal', 1, 75, '2025-02-28 08:53:22', '2025-02-28 08:53:22'),
(82, 'Departments', 'Owner Portal', 'Owner Portal', 1, NULL, '2025-02-28 08:53:22', '2025-02-28 08:53:22'),
(83, 'Add Department', 'Owner Portal', 'Owner Portal', 1, 82, '2025-02-28 08:53:22', '2025-02-28 08:53:22'),
(84, 'Edit Department', 'Owner Portal', 'Owner Portal', 1, 82, '2025-02-28 08:53:22', '2025-02-28 08:53:22'),
(85, 'Delete Department', 'Owner Portal', 'Owner Portal', 1, 82, '2025-02-28 08:53:22', '2025-02-28 08:53:22'),
(86, 'View Department Details', 'Owner Portal', 'Owner Portal', 1, 82, '2025-02-28 08:53:22', '2025-02-28 08:53:22'),
(87, 'Staff', 'Owner Portal', 'Owner Portal', 1, NULL, '2025-02-28 08:53:22', '2025-02-28 08:53:22'),
(88, 'Add Staff', 'Owner Portal', 'Owner Portal', 1, 87, '2025-02-28 08:53:22', '2025-02-28 08:53:22'),
(89, 'Edit Staff', 'Owner Portal', 'Owner Portal', 1, 87, '2025-02-28 08:53:22', '2025-02-28 08:53:22'),
(90, 'Delete Staff', 'Owner Portal', 'Owner Portal', 1, 87, '2025-02-28 08:53:22', '2025-02-28 08:53:22'),
(91, 'Promote Staff', 'Owner Portal', 'Owner Portal', 1, 87, '2025-02-28 08:53:22', '2025-07-13 07:45:59'),
(92, 'View Staff Details', 'Owner Portal', 'Owner Portal', 1, 87, '2025-02-28 08:53:22', '2025-07-13 07:45:59'),
(93, 'Managers', 'Owner Portal', 'Owner Portal', 1, NULL, '2025-02-28 08:53:22', '2025-07-13 07:48:22'),
(94, 'Add Manager', 'Owner Portal', 'Owner Portal', 1, 93, '2025-02-28 08:53:22', '2025-02-28 08:53:22'),
(95, 'Edit Manager', 'Owner Portal', 'Owner Portal', 1, 93, '2025-02-28 08:53:22', '2025-02-28 08:53:22'),
(96, 'Delete Manager', 'Owner Portal', 'Owner Portal', 1, 93, '2025-02-28 08:53:22', '2025-02-28 08:53:22'),
(97, 'Demote Manager', 'Owner Portal', 'Owner Portal', 1, 93, '2025-02-28 08:53:22', '2025-02-28 08:53:22'),
(98, 'View Manager Details', 'Owner Portal', 'Owner Portal', 1, 93, '2025-02-28 08:53:22', '2025-02-28 08:53:22'),
(99, 'Memberships', 'Owner Portal', 'Owner Portal', 1, NULL, '2025-02-28 08:53:22', '2025-02-28 08:53:22'),
(100, 'Add Membership', 'Owner Portal', 'Owner Portal', 1, 99, '2025-02-28 08:53:22', '2025-02-28 08:53:22'),
(101, 'Edit Membership', 'Owner Portal', 'Owner Portal', 1, 99, '2025-02-28 08:53:22', '2025-02-28 08:53:22'),
(102, 'Assign Membership', 'Owner Portal', 'Owner Portal', 1, 99, '2025-02-28 08:53:22', '2025-02-28 08:53:22'),
(103, 'Featured Membership', 'Owner Portal', 'Owner Portal', 1, 99, '2025-02-28 08:53:22', '2025-02-28 08:53:22'),
(104, 'View Membership Details', 'Owner Portal', 'Owner Portal', 1, 99, '2025-02-28 08:53:22', '2025-02-28 08:53:22'),
(105, 'Record Membership Payment', 'Owner Portal', 'Owner Portal', 1, 99, '2025-02-28 08:53:22', '2025-02-28 08:53:22'),
(106, 'Finance', 'Owner Portal', 'Owner Portal', 1, NULL, '2025-02-28 08:53:22', '2025-02-28 08:53:22'),
(107, 'View Transaction Details', 'Owner Portal', 'Owner Portal', 1, 106, '2025-02-28 08:53:22', '2025-02-28 08:53:22'),
(108, 'Reports', 'Owner Portal', 'Owner Portal', 1, NULL, '2025-02-28 08:53:22', '2025-07-13 08:40:21'),
(109, 'Building Report', 'Owner Portal', 'Owner Portal', 1, 108, '2025-02-28 08:53:22', '2025-07-13 08:40:21'),
(110, 'Unit Report', 'Owner Portal', 'Owner Portal', 1, 108, '2025-02-28 08:53:22', '2025-07-13 08:40:21'),
(111, 'Staff Queries', 'Staff Application', 'Staff Application', 1, NULL, '2025-02-28 08:53:22', '2025-02-28 08:53:22'),
(112, 'Accept Queries', 'Staff Application', 'Staff Application', 1, 111, '2025-02-28 08:53:22', '2025-02-28 08:53:22'),
(113, 'Reject Queries', 'Staff Application', 'Staff Application', 1, 111, '2025-02-28 08:53:22', '2025-02-28 08:53:22'),
(114, 'Close Queries', 'Staff Application', 'Staff Application', 1, 111, '2025-02-28 08:53:22', '2025-02-28 08:53:22'),
(115, 'Queries Analytics', 'Staff Application', 'Staff Application', 1, NULL, '2025-02-28 08:53:22', '2025-02-28 08:53:22'),
(116, 'User Homepage', 'User Application', 'User Application', 1, NULL, '2025-02-28 08:53:22', '2025-02-28 08:53:22'),
(117, 'Favorites', 'User Application', 'User Application', 1, NULL, '2025-02-28 08:53:22', '2025-02-28 08:53:22'),
(118, 'Add Favorites', 'User Application', 'User Application', 1, 117, '2025-02-28 08:53:22', '2025-07-13 08:17:00'),
(119, 'Remove Favorites', 'User Application', 'User Application', 1, 117, '2025-02-28 08:53:22', '2025-07-13 08:17:00'),
(120, 'Log Queries', 'User Application', 'User Application', 1, NULL, '2025-02-28 08:53:22', '2025-02-28 08:53:22'),
(121, 'User Queries', 'User Application', 'User Application', 1, 120, '2025-02-28 08:53:22', '2025-07-13 08:17:00'),
(122, 'Promotions', 'User Application', 'User Application', 1, NULL, '2025-02-28 08:53:22', '2025-02-28 08:53:22'),
(123, 'Show My Properties', 'User Application', 'User Application', 1, NULL, '2025-02-28 08:53:22', '2025-02-28 08:53:22');



INSERT INTO `rolepermissions` (`id`, `role_id`, `permission_id`, `status`, `granted_by`, `created_at`, `updated_at`) VALUES
(1, 1, 1, 1, 1, '2025-07-13 08:30:09', '2025-07-13 08:30:09'),
(2, 1, 2, 1, 1, '2025-07-13 08:30:09', '2025-07-13 08:30:09'),
(3, 1, 3, 1, 1, '2025-07-13 08:30:09', '2025-07-13 04:43:13'),
(4, 1, 4, 1, 1, '2025-07-13 08:30:09', '2025-07-13 04:43:13'),
(5, 1, 5, 1, 1, '2025-07-13 08:30:09', '2025-07-13 08:30:09'),
(6, 1, 6, 1, 1, '2025-07-13 08:30:09', '2025-07-13 08:30:09'),
(7, 1, 7, 1, 1, '2025-07-13 08:30:09', '2025-07-13 08:30:09'),
(8, 1, 8, 1, 1, '2025-07-13 08:30:09', '2025-07-13 08:30:09'),
(9, 1, 9, 1, 1, '2025-07-13 08:30:09', '2025-07-13 08:30:09'),
(10, 1, 10, 1, 1, '2025-07-13 08:30:09', '2025-07-13 08:30:09'),
(11, 1, 11, 1, 1, '2025-07-13 08:30:09', '2025-07-13 08:30:09'),
(12, 1, 12, 1, 1, '2025-07-13 08:30:09', '2025-07-13 08:30:09'),
(13, 1, 13, 1, 1, '2025-07-13 08:30:09', '2025-07-13 08:30:09'),
(14, 1, 14, 1, 1, '2025-07-13 08:30:09', '2025-07-13 08:30:09'),
(15, 1, 15, 1, 1, '2025-07-13 08:30:09', '2025-07-13 08:30:09'),
(16, 1, 16, 1, 1, '2025-07-13 08:30:09', '2025-07-13 08:30:09'),
(17, 1, 17, 1, 1, '2025-07-13 08:30:09', '2025-07-13 04:40:07'),
(18, 1, 18, 1, 1, '2025-07-13 08:30:09', '2025-07-13 04:40:17'),
(19, 1, 19, 1, 1, '2025-07-13 08:30:09', '2025-07-13 04:40:18'),
(20, 1, 20, 1, 1, '2025-07-13 08:30:09', '2025-07-13 04:40:19'),
(21, 1, 21, 1, 1, '2025-07-13 08:30:09', '2025-07-13 04:40:21'),
(22, 1, 22, 1, 1, '2025-07-13 08:30:09', '2025-07-13 08:30:09'),
(23, 1, 23, 1, 1, '2025-07-13 08:30:09', '2025-07-13 08:30:09'),
(24, 1, 24, 1, 1, '2025-07-13 08:30:09', '2025-07-13 08:30:09'),
(25, 1, 25, 1, 1, '2025-07-13 08:30:09', '2025-07-13 08:30:09'),
(26, 1, 26, 1, 1, '2025-07-13 08:30:09', '2025-07-13 08:30:09'),
(27, 1, 27, 1, 1, '2025-07-13 08:30:09', '2025-07-13 08:30:09'),
(28, 1, 28, 1, 1, '2025-07-13 08:30:09', '2025-07-13 08:30:09'),
(29, 1, 29, 1, 1, '2025-07-13 08:30:09', '2025-07-13 08:30:09'),
(30, 1, 30, 1, 1, '2025-07-13 08:30:09', '2025-07-13 08:30:09'),
(31, 1, 31, 1, 1, '2025-07-13 08:30:09', '2025-07-13 08:30:09'),
(32, 1, 32, 1, 1, '2025-07-13 08:30:09', '2025-07-13 08:30:09'),
(33, 1, 33, 1, 1, '2025-07-13 08:30:09', '2025-07-13 08:30:09'),
(34, 1, 34, 1, 1, '2025-07-13 08:30:09', '2025-07-13 08:30:09'),
(35, 1, 35, 1, 1, '2025-07-13 08:30:09', '2025-07-13 08:30:09'),
(36, 1, 36, 1, 1, '2025-07-13 08:30:09', '2025-07-13 08:30:09'),
(37, 1, 37, 1, 1, '2025-07-13 08:30:09', '2025-07-13 08:30:09'),
(38, 1, 38, 1, 1, '2025-07-13 08:30:09', '2025-07-13 08:30:09'),
(39, 1, 39, 1, 1, '2025-07-13 08:30:09', '2025-07-13 08:30:09'),
(40, 1, 40, 1, 1, '2025-07-13 08:30:09', '2025-07-13 08:30:09'),
(41, 1, 41, 1, 1, '2025-07-13 08:30:09', '2025-07-13 08:30:09'),
(42, 1, 42, 1, 1, '2025-07-13 08:30:09', '2025-07-13 08:30:09'),
(43, 1, 43, 1, 1, '2025-07-13 08:30:09', '2025-07-13 08:30:09'),
(44, 1, 44, 1, 1, '2025-07-13 08:30:09', '2025-07-13 08:30:09'),
(45, 1, 45, 1, 1, '2025-07-13 08:30:09', '2025-07-13 08:30:09'),
(46, 1, 46, 1, 1, '2025-07-13 08:30:09', '2025-07-13 08:30:09'),
(47, 1, 47, 1, 1, '2025-07-13 08:30:09', '2025-07-13 08:30:09'),
(48, 1, 48, 1, 1, '2025-07-13 08:30:09', '2025-07-13 08:30:09'),
(49, 1, 49, 1, 1, '2025-07-13 08:30:09', '2025-07-13 08:30:09'),
(50, 1, 50, 1, 1, '2025-07-13 08:30:09', '2025-07-13 08:30:09'),
(51, 1, 51, 1, 1, '2025-07-13 08:30:09', '2025-07-13 08:30:09'),
(52, 1, 52, 1, 1, '2025-07-13 08:30:09', '2025-07-13 08:30:09'),
(53, 1, 53, 1, 1, '2025-07-13 08:30:09', '2025-07-13 08:30:09'),
(54, 1, 54, 1, 1, '2025-07-13 08:30:09', '2025-07-13 08:30:09'),
(55, 1, 55, 1, 1, '2025-07-13 08:30:09', '2025-07-13 08:30:09'),
(56, 1, 56, 1, 1, '2025-07-13 08:30:09', '2025-07-13 08:30:09'),
(57, 1, 57, 1, 1, '2025-07-13 08:30:09', '2025-07-13 08:30:09'),
(58, 1, 58, 1, 1, '2025-07-13 08:30:09', '2025-07-13 08:30:09'),
(59, 1, 59, 1, 1, '2025-07-13 08:30:09', '2025-07-13 08:30:09'),
(60, 1, 60, 1, 1, '2025-07-13 08:30:09', '2025-07-13 08:30:09'),
(61, 1, 61, 1, 1, '2025-07-13 08:30:09', '2025-07-13 08:30:09'),
(62, 1, 62, 1, 1, '2025-07-13 08:30:09', '2025-07-13 08:30:09'),
(63, 1, 63, 1, 1, '2025-07-13 08:30:09', '2025-07-13 08:30:09'),
(64, 1, 64, 1, 1, '2025-07-13 08:30:09', '2025-07-13 08:30:09'),
(65, 1, 65, 1, 1, '2025-07-13 08:30:09', '2025-07-13 08:30:09'),
(66, 1, 66, 1, 1, '2025-07-13 08:30:09', '2025-07-13 08:30:09'),
(67, 1, 67, 1, 1, '2025-07-13 08:30:09', '2025-07-13 08:30:09'),
(68, 1, 68, 1, 1, '2025-07-13 08:30:09', '2025-07-13 08:30:09'),
(69, 1, 69, 1, 1, '2025-07-13 08:30:09', '2025-07-13 08:30:09'),
(70, 1, 70, 1, 1, '2025-07-13 08:30:09', '2025-07-13 08:30:09'),
(71, 1, 71, 1, 1, '2025-07-13 08:30:09', '2025-07-13 08:30:09'),
(72, 1, 72, 1, 1, '2025-07-13 08:30:09', '2025-07-13 08:30:09'),
(73, 1, 73, 1, 1, '2025-07-13 08:30:09', '2025-07-13 08:30:09'),
(74, 1, 74, 1, 1, '2025-07-13 08:30:09', '2025-07-13 08:30:09'),
(75, 1, 75, 1, 1, '2025-07-13 08:30:09', '2025-07-13 08:30:09'),
(76, 1, 76, 1, 1, '2025-07-13 08:30:09', '2025-07-13 08:30:09'),
(77, 1, 77, 1, 1, '2025-07-13 08:30:09', '2025-07-13 08:30:09'),
(78, 1, 78, 1, 1, '2025-07-13 08:30:09', '2025-07-13 08:30:09'),
(79, 1, 79, 1, 1, '2025-07-13 08:30:09', '2025-07-13 08:30:09'),
(80, 1, 80, 1, 1, '2025-07-13 08:30:09', '2025-07-13 08:30:09'),
(81, 1, 81, 1, 1, '2025-07-13 08:30:09', '2025-07-13 08:30:09'),
(82, 1, 82, 1, 1, '2025-07-13 08:30:09', '2025-07-13 08:30:09'),
(83, 1, 83, 1, 1, '2025-07-13 08:30:09', '2025-07-13 08:30:09'),
(84, 1, 84, 1, 1, '2025-07-13 08:30:09', '2025-07-13 08:30:09'),
(85, 1, 85, 1, 1, '2025-07-13 08:30:09', '2025-07-13 08:30:09'),
(86, 1, 86, 1, 1, '2025-07-13 08:30:09', '2025-07-13 08:30:09'),
(87, 1, 87, 1, 1, '2025-07-13 08:30:09', '2025-07-13 08:30:09'),
(88, 1, 88, 1, 1, '2025-07-13 08:30:09', '2025-07-13 08:30:09'),
(89, 1, 89, 1, 1, '2025-07-13 08:30:09', '2025-07-13 08:30:09'),
(90, 1, 90, 1, 1, '2025-07-13 08:30:09', '2025-07-13 08:30:09'),
(91, 1, 91, 1, 1, '2025-07-13 08:30:09', '2025-07-13 08:30:09'),
(92, 1, 92, 1, 1, '2025-07-13 08:30:09', '2025-07-13 08:30:09'),
(93, 1, 93, 1, 1, '2025-07-13 08:30:09', '2025-07-13 08:30:09'),
(94, 1, 94, 1, 1, '2025-07-13 08:30:09', '2025-07-13 08:30:09'),
(95, 1, 95, 1, 1, '2025-07-13 08:30:09', '2025-07-13 08:30:09'),
(96, 1, 96, 1, 1, '2025-07-13 08:30:09', '2025-07-13 08:30:09'),
(97, 1, 97, 1, 1, '2025-07-13 08:30:09', '2025-07-13 08:30:09'),
(98, 1, 98, 1, 1, '2025-07-13 08:30:09', '2025-07-13 08:30:09'),
(99, 1, 99, 1, 1, '2025-07-13 08:30:09', '2025-07-13 08:30:09'),
(100, 1, 100, 1, 1, '2025-07-13 08:30:09', '2025-07-13 08:30:09'),
(101, 1, 101, 1, 1, '2025-07-13 08:30:09', '2025-07-13 08:30:09'),
(102, 1, 102, 1, 1, '2025-07-13 08:30:09', '2025-07-13 08:30:09'),
(103, 1, 103, 1, 1, '2025-07-13 08:30:09', '2025-07-13 08:30:09'),
(104, 1, 104, 1, 1, '2025-07-13 08:30:09', '2025-07-13 08:30:09'),
(105, 1, 105, 1, 1, '2025-07-13 08:30:09', '2025-07-13 08:30:09'),
(106, 1, 106, 1, 1, '2025-07-13 08:30:09', '2025-07-13 08:30:09'),
(107, 1, 107, 1, 1, '2025-07-13 08:30:09', '2025-07-13 08:30:09'),
(108, 1, 108, 1, 1, '2025-07-13 08:30:09', '2025-07-13 08:30:09'),
(109, 1, 109, 1, 1, '2025-07-13 08:30:09', '2025-07-13 08:30:09'),
(110, 1, 110, 1, 1, '2025-07-13 08:30:09', '2025-07-13 08:30:09'),
(111, 1, 111, 1, 1, '2025-07-13 08:30:09', '2025-07-13 08:30:09'),
(112, 1, 112, 1, 1, '2025-07-13 08:30:09', '2025-07-13 08:30:09'),
(113, 1, 113, 1, 1, '2025-07-13 08:30:09', '2025-07-13 08:30:09'),
(114, 1, 114, 1, 1, '2025-07-13 08:30:09', '2025-07-13 08:30:09'),
(115, 1, 115, 1, 1, '2025-07-13 08:30:09', '2025-07-13 08:30:09'),
(116, 1, 116, 1, 1, '2025-07-13 08:30:09', '2025-07-13 08:30:09'),
(117, 1, 117, 1, 1, '2025-07-13 08:30:09', '2025-07-13 08:30:09'),
(118, 1, 118, 1, 1, '2025-07-13 08:30:09', '2025-07-13 08:30:09'),
(119, 1, 119, 1, 1, '2025-07-13 08:30:09', '2025-07-13 08:30:09'),
(120, 1, 120, 1, 1, '2025-07-13 08:30:09', '2025-07-13 08:30:09'),
(121, 1, 121, 1, 1, '2025-07-13 08:30:09', '2025-07-13 08:30:09'),
(122, 1, 122, 1, 1, '2025-07-13 08:30:09', '2025-07-13 08:30:09'),
(123, 1, 123, 1, 1, '2025-07-13 08:30:09', '2025-07-13 08:30:09'),
(124, 2, 48, 1, 1, '2025-07-13 08:32:57', '2025-07-13 08:32:57'),
(125, 2, 49, 1, 1, '2025-07-13 08:32:57', '2025-07-13 08:32:57'),
(126, 2, 50, 1, 1, '2025-07-13 08:32:57', '2025-07-13 08:32:57'),
(127, 2, 51, 1, 1, '2025-07-13 08:32:57', '2025-07-13 08:32:57'),
(128, 2, 52, 1, 1, '2025-07-13 08:32:57', '2025-07-13 08:32:57'),
(129, 2, 53, 1, 1, '2025-07-13 08:32:57', '2025-07-13 08:32:57'),
(130, 2, 54, 1, 1, '2025-07-13 08:32:57', '2025-07-13 08:32:57'),
(131, 2, 55, 1, 1, '2025-07-13 08:32:57', '2025-07-13 08:32:57'),
(132, 2, 56, 1, 1, '2025-07-13 08:32:57', '2025-07-13 08:32:57'),
(133, 2, 57, 1, 1, '2025-07-13 08:32:57', '2025-07-13 08:32:57'),
(134, 2, 58, 1, 1, '2025-07-13 08:32:57', '2025-07-13 08:32:57'),
(135, 2, 59, 1, 1, '2025-07-13 08:32:57', '2025-07-13 08:32:57'),
(136, 2, 60, 1, 1, '2025-07-13 08:32:57', '2025-07-13 08:32:57'),
(137, 2, 61, 1, 1, '2025-07-13 08:32:57', '2025-07-13 08:32:57'),
(138, 2, 62, 1, 1, '2025-07-13 08:32:57', '2025-07-13 08:32:57'),
(139, 2, 63, 1, 1, '2025-07-13 08:32:57', '2025-07-13 08:32:57'),
(140, 2, 64, 1, 1, '2025-07-13 08:32:57', '2025-07-13 08:32:57'),
(141, 2, 65, 1, 1, '2025-07-13 08:32:57', '2025-07-13 08:32:57'),
(142, 2, 66, 1, 1, '2025-07-13 08:32:57', '2025-07-13 08:32:57'),
(143, 2, 67, 1, 1, '2025-07-13 08:32:57', '2025-07-13 08:32:57'),
(144, 2, 68, 1, 1, '2025-07-13 08:32:57', '2025-07-13 08:32:57'),
(145, 2, 69, 1, 1, '2025-07-13 08:32:57', '2025-07-13 08:32:57'),
(146, 2, 70, 1, 1, '2025-07-13 08:32:57', '2025-07-13 08:32:57'),
(147, 2, 71, 1, 1, '2025-07-13 08:32:57', '2025-07-13 08:32:57'),
(148, 2, 72, 1, 1, '2025-07-13 08:32:57', '2025-07-13 08:32:57'),
(149, 2, 73, 1, 1, '2025-07-13 08:32:57', '2025-07-13 08:32:57'),
(150, 2, 74, 1, 1, '2025-07-13 08:32:57', '2025-07-13 08:32:57'),
(151, 2, 75, 1, 1, '2025-07-13 08:32:57', '2025-07-13 08:32:57'),
(152, 2, 76, 1, 1, '2025-07-13 08:32:57', '2025-07-13 08:32:57'),
(153, 2, 77, 1, 1, '2025-07-13 08:32:57', '2025-07-13 08:32:57'),
(154, 2, 78, 1, 1, '2025-07-13 08:32:57', '2025-07-13 08:32:57'),
(155, 2, 79, 1, 1, '2025-07-13 08:32:57', '2025-07-13 08:32:57'),
(156, 2, 80, 1, 1, '2025-07-13 08:32:57', '2025-07-13 08:32:57'),
(157, 2, 81, 1, 1, '2025-07-13 08:32:57', '2025-07-13 08:32:57'),
(158, 2, 82, 1, 1, '2025-07-13 08:32:57', '2025-07-13 08:32:57'),
(159, 2, 83, 1, 1, '2025-07-13 08:32:57', '2025-07-13 08:32:57'),
(160, 2, 84, 1, 1, '2025-07-13 08:32:57', '2025-07-13 08:32:57'),
(161, 2, 85, 1, 1, '2025-07-13 08:32:57', '2025-07-13 08:32:57'),
(162, 2, 86, 1, 1, '2025-07-13 08:32:57', '2025-07-13 08:32:57'),
(163, 2, 87, 1, 1, '2025-07-13 08:32:57', '2025-07-13 08:32:57'),
(164, 2, 88, 1, 1, '2025-07-13 08:32:57', '2025-07-13 08:32:57'),
(165, 2, 89, 1, 1, '2025-07-13 08:32:57', '2025-07-13 08:32:57'),
(166, 2, 90, 1, 1, '2025-07-13 08:32:57', '2025-07-13 08:32:57'),
(167, 2, 91, 1, 1, '2025-07-13 08:32:57', '2025-07-13 08:32:57'),
(168, 2, 92, 1, 1, '2025-07-13 08:32:57', '2025-07-13 08:32:57'),
(169, 2, 93, 1, 1, '2025-07-13 08:32:57', '2025-07-13 08:32:57'),
(170, 2, 94, 1, 1, '2025-07-13 08:32:57', '2025-07-13 08:32:57'),
(171, 2, 95, 1, 1, '2025-07-13 08:32:57', '2025-07-13 08:32:57'),
(172, 2, 96, 1, 1, '2025-07-13 08:32:57', '2025-07-13 08:32:57'),
(173, 2, 97, 1, 1, '2025-07-13 08:32:57', '2025-07-13 08:32:57'),
(174, 2, 98, 1, 1, '2025-07-13 08:32:57', '2025-07-13 08:32:57'),
(175, 2, 99, 1, 1, '2025-07-13 08:32:57', '2025-07-13 08:32:57'),
(176, 2, 100, 1, 1, '2025-07-13 08:32:57', '2025-07-13 08:32:57'),
(177, 2, 101, 1, 1, '2025-07-13 08:32:57', '2025-07-13 08:32:57'),
(178, 2, 102, 1, 1, '2025-07-13 08:32:57', '2025-07-13 08:32:57'),
(179, 2, 103, 1, 1, '2025-07-13 08:32:57', '2025-07-13 08:32:57'),
(180, 2, 104, 1, 1, '2025-07-13 08:32:57', '2025-07-13 08:32:57'),
(181, 2, 105, 1, 1, '2025-07-13 08:32:57', '2025-07-13 08:32:57'),
(182, 2, 106, 1, 1, '2025-07-13 08:32:57', '2025-07-13 08:32:57'),
(183, 2, 107, 1, 1, '2025-07-13 08:32:57', '2025-07-13 08:32:57'),
(184, 2, 108, 1, 1, '2025-07-13 08:32:57', '2025-07-13 08:32:57'),
(185, 2, 109, 1, 1, '2025-07-13 08:32:57', '2025-07-13 08:32:57'),
(186, 2, 110, 1, 1, '2025-07-13 08:32:57', '2025-07-13 08:32:57'),
(187, 2, 111, 1, 1, '2025-07-13 08:32:57', '2025-07-13 08:32:57'),
(188, 2, 112, 1, 1, '2025-07-13 08:32:57', '2025-07-13 08:32:57'),
(189, 2, 113, 1, 1, '2025-07-13 08:32:57', '2025-07-13 08:32:57'),
(190, 2, 114, 1, 1, '2025-07-13 08:32:57', '2025-07-13 08:32:57'),
(191, 2, 115, 1, 1, '2025-07-13 08:32:57', '2025-07-13 08:32:57'),
(192, 2, 116, 1, 1, '2025-07-13 08:32:57', '2025-07-13 08:32:57'),
(193, 2, 117, 1, 1, '2025-07-13 08:32:57', '2025-07-13 08:32:57'),
(194, 2, 118, 1, 1, '2025-07-13 08:32:57', '2025-07-13 08:32:57'),
(195, 2, 119, 1, 1, '2025-07-13 08:32:57', '2025-07-13 08:32:57'),
(196, 2, 120, 1, 1, '2025-07-13 08:32:57', '2025-07-13 08:32:57'),
(197, 2, 121, 1, 1, '2025-07-13 08:32:57', '2025-07-13 08:32:57'),
(198, 2, 122, 1, 1, '2025-07-13 08:32:57', '2025-07-13 08:32:57'),
(199, 2, 123, 1, 1, '2025-07-13 08:32:57', '2025-07-13 08:32:57'),
(200, 3, 48, 1, 1, '2025-07-13 08:35:49', '2025-07-13 08:35:49'),
(201, 3, 49, 1, 1, '2025-07-13 08:35:49', '2025-07-13 08:35:49'),
(202, 3, 50, 1, 1, '2025-07-13 08:35:49', '2025-07-13 08:35:49'),
(203, 3, 51, 1, 1, '2025-07-13 08:35:49', '2025-07-13 08:35:49'),
(204, 3, 52, 1, 1, '2025-07-13 08:35:49', '2025-07-13 08:35:49'),
(205, 3, 53, 1, 1, '2025-07-13 08:35:49', '2025-07-13 08:35:49'),
(206, 3, 54, 1, 1, '2025-07-13 08:35:49', '2025-07-13 08:35:49'),
(207, 3, 55, 1, 1, '2025-07-13 08:35:49', '2025-07-13 08:35:49'),
(208, 3, 56, 1, 1, '2025-07-13 08:35:49', '2025-07-13 08:35:49'),
(209, 3, 61, 1, 1, '2025-07-13 08:35:49', '2025-07-13 08:35:49'),
(211, 3, 63, 1, 1, '2025-07-13 08:35:49', '2025-07-13 08:35:49'),
(212, 3, 64, 1, 1, '2025-07-13 08:35:49', '2025-07-13 08:35:49'),
(213, 3, 65, 1, 1, '2025-07-13 08:35:49', '2025-07-13 08:35:49'),
(214, 3, 66, 1, 1, '2025-07-13 08:35:49', '2025-07-13 08:35:49'),
(215, 3, 67, 1, 1, '2025-07-13 08:35:49', '2025-07-13 08:35:49'),
(216, 3, 68, 1, 1, '2025-07-13 08:35:49', '2025-07-13 08:35:49'),
(217, 3, 69, 1, 1, '2025-07-13 08:35:49', '2025-07-13 08:35:49'),
(218, 3, 70, 1, 1, '2025-07-13 08:35:49', '2025-07-13 08:35:49'),
(219, 3, 71, 1, 1, '2025-07-13 08:35:49', '2025-07-13 08:35:49'),
(220, 3, 72, 1, 1, '2025-07-13 08:35:49', '2025-07-13 08:35:49'),
(221, 3, 73, 1, 1, '2025-07-13 08:35:49', '2025-07-13 08:35:49'),
(222, 3, 74, 1, 1, '2025-07-13 08:35:49', '2025-07-13 08:35:49'),
(223, 3, 75, 1, 1, '2025-07-13 08:35:49', '2025-07-13 08:35:49'),
(224, 3, 76, 1, 1, '2025-07-13 08:35:49', '2025-07-13 08:35:49'),
(225, 3, 77, 1, 1, '2025-07-13 08:35:49', '2025-07-13 08:35:49'),
(226, 3, 78, 1, 1, '2025-07-13 08:35:49', '2025-07-13 08:35:49'),
(227, 3, 79, 1, 1, '2025-07-13 08:35:49', '2025-07-13 08:35:49'),
(228, 3, 80, 1, 1, '2025-07-13 08:35:49', '2025-07-13 08:35:49'),
(229, 3, 81, 1, 1, '2025-07-13 08:35:49', '2025-07-13 08:35:49'),
(230, 3, 82, 1, 1, '2025-07-13 08:35:49', '2025-07-13 08:35:49'),
(231, 3, 83, 1, 1, '2025-07-13 08:35:49', '2025-07-13 08:35:49'),
(232, 3, 84, 1, 1, '2025-07-13 08:35:49', '2025-07-13 08:35:49'),
(233, 3, 85, 1, 1, '2025-07-13 08:35:49', '2025-07-13 08:35:49'),
(234, 3, 86, 1, 1, '2025-07-13 08:35:49', '2025-07-13 08:35:49'),
(235, 3, 87, 1, 1, '2025-07-13 08:35:49', '2025-07-13 08:35:49'),
(236, 3, 88, 1, 1, '2025-07-13 08:35:49', '2025-07-13 08:35:49'),
(237, 3, 89, 1, 1, '2025-07-13 08:35:49', '2025-07-13 08:35:49'),
(238, 3, 90, 1, 1, '2025-07-13 08:35:49', '2025-07-13 08:35:49'),
(239, 3, 92, 1, 1, '2025-07-13 08:35:49', '2025-07-13 08:35:49'),
(240, 3, 99, 1, 1, '2025-07-13 08:35:49', '2025-07-13 08:35:49'),
(241, 3, 100, 1, 1, '2025-07-13 08:35:49', '2025-07-13 08:35:49'),
(242, 3, 101, 1, 1, '2025-07-13 08:35:49', '2025-07-13 08:35:49'),
(243, 3, 102, 1, 1, '2025-07-13 08:35:49', '2025-07-13 08:35:49'),
(245, 3, 104, 1, 1, '2025-07-13 08:35:49', '2025-07-13 08:35:49'),
(246, 3, 105, 1, 1, '2025-07-13 08:35:49', '2025-07-13 08:35:49'),
(247, 3, 106, 1, 1, '2025-07-13 08:35:49', '2025-07-13 08:35:49'),
(248, 3, 107, 1, 1, '2025-07-13 08:35:49', '2025-07-13 08:35:49'),
(249, 3, 108, 1, 1, '2025-07-13 08:35:49', '2025-07-13 08:35:49'),
(250, 3, 109, 1, 1, '2025-07-13 08:35:49', '2025-07-13 08:35:49'),
(251, 3, 110, 1, 1, '2025-07-13 08:35:49', '2025-07-13 08:35:49'),
(252, 3, 111, 1, 1, '2025-07-13 08:35:49', '2025-07-13 08:35:49'),
(253, 3, 112, 1, 1, '2025-07-13 08:35:49', '2025-07-13 08:35:49'),
(254, 3, 113, 1, 1, '2025-07-13 08:35:49', '2025-07-13 08:35:49'),
(255, 3, 114, 1, 1, '2025-07-13 08:35:49', '2025-07-13 08:35:49'),
(256, 3, 115, 1, 1, '2025-07-13 08:35:49', '2025-07-13 08:35:49'),
(257, 3, 116, 1, 1, '2025-07-13 08:35:49', '2025-07-13 08:35:49'),
(258, 3, 117, 1, 1, '2025-07-13 08:35:49', '2025-07-13 08:35:49'),
(259, 3, 118, 1, 1, '2025-07-13 08:35:49', '2025-07-13 08:35:49'),
(260, 3, 119, 1, 1, '2025-07-13 08:35:49', '2025-07-13 08:35:49'),
(261, 3, 120, 1, 1, '2025-07-13 08:35:49', '2025-07-13 08:35:49'),
(262, 3, 121, 1, 1, '2025-07-13 08:35:49', '2025-07-13 08:35:49'),
(263, 3, 122, 1, 1, '2025-07-13 08:35:49', '2025-07-13 08:35:49'),
(264, 3, 123, 1, 1, '2025-07-13 08:35:49', '2025-07-13 08:35:49'),
(265, 4, 48, 0, 1, '2025-07-13 08:42:01', '2025-07-13 08:46:19'),
(266, 4, 49, 0, 1, '2025-07-13 08:42:01', '2025-07-13 03:44:09'),
(267, 4, 68, 0, 1, '2025-07-13 08:42:01', '2025-07-13 08:46:19'),
(268, 4, 69, 0, 1, '2025-07-13 08:42:01', '2025-07-13 03:44:16'),
(269, 4, 70, 0, 1, '2025-07-13 08:42:01', '2025-07-13 03:44:13'),
(270, 4, 71, 0, 1, '2025-07-13 08:42:01', '2025-07-13 08:46:19'),
(271, 4, 72, 0, 1, '2025-07-13 08:42:01', '2025-07-13 03:44:27'),
(272, 4, 73, 0, 1, '2025-07-13 08:42:01', '2025-07-13 03:44:24'),
(273, 4, 74, 0, 1, '2025-07-13 08:42:01', '2025-07-13 03:44:20'),
(274, 4, 75, 0, 1, '2025-07-13 08:42:01', '2025-07-13 08:46:19'),
(275, 4, 76, 0, 1, '2025-07-13 08:42:01', '2025-07-13 03:44:31'),
(276, 4, 77, 0, 1, '2025-07-13 08:42:01', '2025-07-13 03:44:36'),
(277, 4, 78, 0, 1, '2025-07-13 08:42:01', '2025-07-13 03:44:39'),
(278, 4, 80, 0, 1, '2025-07-13 08:42:01', '2025-07-13 03:44:42'),
(279, 4, 81, 0, 1, '2025-07-13 08:42:01', '2025-07-13 03:44:46'),
(280, 4, 82, 0, 1, '2025-07-13 08:42:01', '2025-07-13 08:46:19'),
(281, 4, 83, 0, 1, '2025-07-13 08:42:01', '2025-07-13 03:44:50'),
(282, 4, 84, 0, 1, '2025-07-13 08:42:01', '2025-07-13 03:44:54'),
(283, 4, 86, 0, 1, '2025-07-13 08:42:01', '2025-07-13 03:44:57'),
(284, 4, 87, 0, 1, '2025-07-13 08:42:01', '2025-07-13 08:46:19'),
(285, 4, 88, 0, 1, '2025-07-13 08:42:01', '2025-07-13 03:45:01'),
(286, 4, 89, 0, 1, '2025-07-13 08:42:01', '2025-07-13 03:45:04'),
(287, 4, 92, 0, 1, '2025-07-13 08:42:01', '2025-07-13 08:46:19'),
(288, 4, 99, 0, 1, '2025-07-13 08:42:01', '2025-07-13 08:46:19'),
(289, 4, 100, 0, 1, '2025-07-13 08:42:01', '2025-07-13 08:46:19'),
(290, 4, 101, 0, 1, '2025-07-13 08:42:01', '2025-07-13 08:46:19'),
(291, 4, 102, 0, 1, '2025-07-13 08:42:01', '2025-07-13 08:46:19'),
(292, 4, 104, 0, 1, '2025-07-13 08:42:01', '2025-07-13 08:46:19'),
(293, 4, 105, 0, 1, '2025-07-13 08:42:01', '2025-07-13 08:46:19'),
(294, 4, 111, 1, 1, '2025-07-13 08:42:01', '2025-07-13 08:42:01'),
(295, 4, 112, 1, 1, '2025-07-13 08:42:01', '2025-07-13 08:42:01'),
(296, 4, 113, 1, 1, '2025-07-13 08:42:01', '2025-07-13 08:42:01'),
(297, 4, 114, 1, 1, '2025-07-13 08:42:01', '2025-07-13 08:42:01'),
(298, 4, 115, 1, 1, '2025-07-13 08:42:01', '2025-07-13 08:42:01'),
(299, 4, 116, 1, 1, '2025-07-13 08:42:01', '2025-07-13 08:42:01'),
(300, 4, 117, 1, 1, '2025-07-13 08:42:01', '2025-07-13 08:42:01'),
(301, 4, 118, 1, 1, '2025-07-13 08:42:01', '2025-07-13 08:42:01'),
(302, 4, 119, 1, 1, '2025-07-13 08:42:01', '2025-07-13 08:42:01'),
(303, 4, 120, 1, 1, '2025-07-13 08:42:01', '2025-07-13 08:42:01'),
(304, 4, 121, 1, 1, '2025-07-13 08:42:01', '2025-07-13 08:42:01'),
(305, 4, 122, 1, 1, '2025-07-13 08:42:01', '2025-07-13 08:42:01'),
(306, 4, 123, 1, 1, '2025-07-13 08:42:01', '2025-07-13 08:42:01'),
(307, 5, 116, 1, 1, '2025-07-13 08:43:27', '2025-07-13 08:43:27'),
(308, 5, 117, 1, 1, '2025-07-13 08:43:27', '2025-07-13 08:43:27'),
(309, 5, 118, 1, 1, '2025-07-13 08:43:27', '2025-07-13 08:43:27'),
(310, 5, 119, 1, 1, '2025-07-13 08:43:27', '2025-07-13 08:43:27'),
(311, 5, 120, 1, 1, '2025-07-13 08:43:27', '2025-07-13 08:43:27'),
(312, 5, 121, 1, 1, '2025-07-13 08:43:27', '2025-07-13 08:43:27'),
(313, 5, 122, 1, 1, '2025-07-13 08:43:27', '2025-07-13 08:43:27'),
(314, 5, 123, 1, 1, '2025-07-13 08:43:27', '2025-07-13 08:43:27');



INSERT INTO `plans` (`id`, `name`, `description`, `currency`, `status`, `created_at`, `updated_at`) VALUES
(1, 'Basic', 'Essential tools for managing a single building and handling daily operations with ease.', 'PKR', 'Active', '2025-02-09 13:26:50', '2025-02-09 13:26:50'),
(2, 'Standard', 'Ideal for growing property managers who need more control and building coverage.', 'PKR', 'Active', '2025-02-09 13:26:50', '2025-02-09 13:26:50'),
(3, 'Pro', 'Advanced features for professionals managing multiple properties with automation and insights.', 'PKR', 'Active', '2025-02-09 13:26:50', '2025-02-09 13:26:50');


INSERT INTO `planservicecatalog` (`id`, `title`, `description`, `icon`, `parent_id`) VALUES
(1, 'Building Management', 'Oversee and organize all registered buildings in one place. Includes configuration, status updates, and essential building data.', 'fas fa-building', NULL),
(2, 'Manager Accounts', 'Create and manage accounts for building managers. Assign responsibilities and control access to their respective buildings.', 'fas fa-user-tie', NULL),
(3, 'Staff Members', 'Assign staff members to individual buildings. Manage queries, and responsibilities.', 'fas fa-users', NULL),
(4, 'Levels per Building', 'Define and manage the number of floors or levels for each building. Useful for unit mapping and navigation purposes.', 'fas fa-layer-group', 1),
(5, 'Units per Building', 'Add and track all residential or commercial units within a building. Enables easy management of occupancy and availability.', 'fas fa-door-open', 1),
(6, 'Featured Memberships', 'Highlight premium membership options for users. Offers additional visibility and benefits over standard plans.', 'fas fa-crown', NULL);


INSERT INTO `planservices` (`id`, `plan_id`, `service_catalog_id`, `quantity`, `meta`, `created_at`, `updated_at`) VALUES
(1, 1, 1, 3, '{\"quantity\":null}', '2025-04-10 09:03:17', '2025-04-27 09:00:37'),
(2, 1, 2, 2, '{\"quantity\":null}', '2025-04-10 09:03:17', '2025-04-27 08:58:12'),
(3, 1, 3, 20, '{\"quantity\":null}', '2025-04-10 09:03:17', '2025-04-27 09:00:37'),
(4, 1, 4, 5, '{\"quantity\":3}', '2025-04-10 09:03:17', '2025-04-27 09:00:37'),
(5, 1, 5, 25, '{\"quantity\":3}', '2025-04-10 09:03:17', '2025-04-27 09:00:37'),
(6, 1, 6, 2, '{\"quantity\":null}', '2025-04-10 09:03:17', '2025-04-27 08:58:12'),
(7, 2, 1, 5, '{\"quantity\":null}', '2025-04-10 09:03:17', '2025-04-27 08:58:21'),
(8, 2, 2, 3, '{\"quantity\":null}', '2025-04-10 09:03:17', '2025-04-27 08:58:21'),
(9, 2, 3, 30, '{\"quantity\":null}', '2025-04-10 09:03:17', '2025-04-27 08:58:21'),
(10, 2, 4, 8, '{\"quantity\":5}', '2025-04-10 09:03:17', '2025-04-27 08:58:21'),
(11, 2, 5, 40, '{\"quantity\":5}', '2025-04-10 09:03:17', '2025-04-27 08:58:21'),
(12, 2, 6, 5, '{\"quantity\":null}', '2025-04-10 09:03:17', '2025-04-27 08:58:21'),
(13, 3, 1, 7, '{\"quantity\":null}', '2025-04-10 09:03:17', '2025-04-27 08:58:31'),
(14, 3, 2, 5, '{\"quantity\":null}', '2025-04-10 09:03:17', '2025-04-27 08:58:31'),
(15, 3, 3, 50, '{\"quantity\":null}', '2025-04-10 09:03:17', '2025-04-27 08:58:31'),
(16, 3, 4, 10, '{\"quantity\":7}', '2025-04-10 09:03:17', '2025-04-27 08:58:31'),
(17, 3, 5, 60, '{\"quantity\":7}', '2025-04-10 09:03:17', '2025-04-27 08:58:31'),
(18, 3, 6, 5, '{\"quantity\":null}', '2025-04-10 09:03:17', '2025-04-27 08:58:31');


INSERT INTO `billing_cycles` (`id`, `duration_months`, `description`) VALUES
(1, 1, '1-month billing cycle'),
(2, 6, '6-month billing cycle'),
(3, 12, '12-month billing cycle');


INSERT INTO `planserviceprices` (`id`, `service_id`, `billing_cycle_id`, `price`, `created_at`, `updated_at`) VALUES
(1, 1, '1', 350.00, '2025-04-09 08:34:18', '2025-04-09 08:34:19'),
(2, 1, '2', 1890.00, '2025-04-09 08:34:18', '2025-04-09 08:34:19'),
(3, 1, '3', 3570.00, '2025-04-09 08:34:18', '2025-04-09 08:34:19'),
(4, 2, '1', 350.00, '2025-04-09 08:34:18', '2025-04-09 08:34:19'),
(5, 2, '2', 1890.00, '2025-04-09 08:34:18', '2025-04-09 08:34:19'),
(6, 2, '3', 3570.00, '2025-04-09 08:34:18', '2025-04-09 08:34:19'),
(7, 3, '1', 350.00, '2025-04-09 08:34:18', '2025-04-09 08:34:19'),
(8, 3, '2', 1890.00, '2025-04-09 08:34:18', '2025-04-09 08:34:19'),
(9, 3, '3', 3570.00, '2025-04-09 08:34:18', '2025-04-09 08:34:19'),
(10, 4, '1', 350.00, '2025-04-09 08:34:18', '2025-04-09 08:34:19'),
(11, 4, '2', 1890.00, '2025-04-09 08:34:18', '2025-04-09 08:34:19'),
(12, 4, '3', 3570.00, '2025-04-09 08:34:18', '2025-04-09 08:34:19'),
(13, 5, '1', 350.00, '2025-04-09 08:34:18', '2025-04-09 08:34:19'),
(14, 5, '2', 1890.00, '2025-04-09 08:34:18', '2025-04-09 08:34:19'),
(15, 5, '3', 3570.00, '2025-04-09 08:34:18', '2025-04-09 08:34:19'),
(16, 6, '1', 350.00, '2025-04-09 08:34:18', '2025-04-09 08:34:19'),
(17, 6, '2', 1890.00, '2025-04-09 08:34:18', '2025-04-09 08:34:19'),
(18, 6, '3', 3570.00, '2025-04-09 08:34:18', '2025-04-09 08:34:19'),
(19, 7, '1', 450.00, '2025-04-09 08:34:18', '2025-04-09 08:34:19'),
(20, 7, '2', 2430.00, '2025-04-09 08:34:18', '2025-04-09 08:34:19'),
(21, 7, '3', 4590.00, '2025-04-09 08:34:18', '2025-04-09 08:34:19'),
(22, 8, '1', 450.00, '2025-04-09 08:34:18', '2025-04-09 08:34:19'),
(23, 8, '2', 2430.00, '2025-04-09 08:34:18', '2025-04-09 08:34:19'),
(24, 8, '3', 4590.00, '2025-04-09 08:34:18', '2025-04-09 08:34:19'),
(25, 9, '1', 450.00, '2025-04-09 08:34:18', '2025-04-09 08:34:19'),
(26, 9, '2', 2430.00, '2025-04-09 08:34:18', '2025-04-09 08:34:19'),
(27, 9, '3', 4590.00, '2025-04-09 08:34:18', '2025-04-09 08:34:19'),
(28, 10, '1', 450.00, '2025-04-09 08:34:18', '2025-04-09 08:34:19'),
(29, 10, '2', 2430.00, '2025-04-09 08:34:18', '2025-04-09 08:34:19'),
(30, 10, '3', 4590.00, '2025-04-09 08:34:18', '2025-04-09 08:34:19'),
(31, 11, '1', 450.00, '2025-04-09 08:34:18', '2025-04-09 08:34:19'),
(32, 11, '2', 2430.00, '2025-04-09 08:34:18', '2025-04-09 08:34:19'),
(33, 11, '3', 4590.00, '2025-04-09 08:34:18', '2025-04-09 08:34:19'),
(34, 12, '1', 450.00, '2025-04-09 08:34:18', '2025-04-09 08:34:19'),
(35, 12, '2', 2430.00, '2025-04-09 08:34:18', '2025-04-09 08:34:19'),
(36, 12, '3', 4590.00, '2025-04-09 08:34:18', '2025-04-09 08:34:19'),
(37, 13, '1', 550.00, '2025-04-09 08:34:18', '2025-04-09 08:34:19'),
(38, 13, '2', 2970.00, '2025-04-09 08:34:18', '2025-04-09 08:34:19'),
(39, 13, '3', 5610.00, '2025-04-09 08:34:18', '2025-04-09 08:34:19'),
(40, 14, '1', 550.00, '2025-04-09 08:34:18', '2025-04-09 08:34:19'),
(41, 14, '2', 2970.00, '2025-04-09 08:34:18', '2025-04-09 08:34:19'),
(42, 14, '3', 5610.00, '2025-04-09 08:34:18', '2025-04-09 08:34:19'),
(43, 15, '1', 550.00, '2025-04-09 08:34:18', '2025-04-09 08:34:19'),
(44, 15, '2', 2970.00, '2025-04-09 08:34:18', '2025-04-09 08:34:19'),
(45, 15, '3', 5610.00, '2025-04-09 08:34:18', '2025-04-09 08:34:19'),
(46, 16, '1', 550.00, '2025-04-09 08:34:18', '2025-04-09 08:34:19'),
(47, 16, '2', 2970.00, '2025-04-09 08:34:18', '2025-04-09 08:34:19'),
(48, 16, '3', 5610.00, '2025-04-09 08:34:18', '2025-04-09 08:34:19'),
(49, 17, '1', 550.00, '2025-04-09 08:34:18', '2025-04-09 08:34:19'),
(50, 17, '2', 2970.00, '2025-04-09 08:34:18', '2025-04-09 08:34:19'),
(51, 17, '3', 5610.00, '2025-04-09 08:34:18', '2025-04-09 08:34:19'),
(52, 18, '1', 550.00, '2025-04-09 08:34:18', '2025-04-09 08:34:19'),
(53, 18, '2', 2970.00, '2025-04-09 08:34:18', '2025-04-09 08:34:19'),
(54, 18, '3', 5610.00, '2025-04-09 08:34:18', '2025-04-09 08:34:19');
